EMAIL,STORE,AREA,GENRE,URL
pet@nunoclub.com,ヌーノクラブ,東京,ホテル/サロン,https://www.nunoclub.com/
info@pet-joli.com,Joli 神楽坂店,東京,ホテル/トリミング,https://xn--joli-9o4csan6ll5nt234bdzzb3e4b.jp/
info@petsalon-chienne.com,ペットサロン シエンヌ,愛知,トリミング/ホテル,https://www.petsalon-chienne.com/
kunkun@pet-hoteltoinkyoto.com,ペットサロンくんくん,京都,サロン/ホテル,https://pet-hoteltoinkyoto.com/pet-salon
hanako@hanakonet.com,神戸ペットホテル フェリーチェ,兵庫,ホテル,https://kobe.felice-pet.jp/index2.html
info@petsalon-mint.com,pet salon MINT,兵庫,トリミング/ホテル,https://petsalon-mint.com/
info@wanpro-dog.com,わんぷろ,青森,ドッグ幼稚園/しつけ,https://wanpro-dog.jp/
onezugate0808@500-8107.com,one zu gate(ワンズゲート),福島,トリミング/一時預かり/ドッグラン,https://onezugate.com/
info@mofandful-dognursery.com,犬の保育園 Mof&Ful,山梨,犬の保育園/ドッグホテル/デイ預かり,https://mofandful-dognursery.com/
info@kenkohmura.jp,犬幸村(けんこうむら),新潟,ドッグ幼稚園/トリミング/出張トレーニング,https://kenkohmura.jp/
hello@dogidol.net,DOGアイドル,京都,ペット保育園/ペットホテル/トリミング,https://www.dogidol.net/
info@laster-hill.com,Pet hotel Laster hill,山口,ペットホテル,https://laster-hill.com/
info@petcare-jewel.com,ペットステーション ジュエル,徳島,犬の保育園/ペットホテル/介護,https://petcare-jewel.com/
seiwasoh0022@outlook.jp,SEIWASOHドッグスクール,高知,ドッグスクール/犬の保育園/ペットホテル,https://www.seiwasoh.com/
toiawase@nyankonote.com,にゃんこの手,宮崎,ペットホテル(ケージレス),https://nyankonote.com/
papadegigi@snow.ocn.ne.jp,PAPA de GIGI(盛岡菜園店),岩手,トリミングペットサロン,https://www.papadegigi.com/
info@t-bell.jp,ティンカーベル.JP,福島,トリミング/ペットホテル/老犬ホーム,https://www.t-bell.jp/
cherish-dog@outlook.jp,犬の美容室 チェリッシュ(CHERISH),富山,トリミング/ドッグサロン(ホテル併設),https://www.cherish-dog.com/
reserve@pet-bibi.com,ペットの美容室 BiBi,広島,ドッグサロン/トリミング,https://pet-bibi.com/
wanwan@dog-and-sea.com,ドッグアンドシー,高知,ドッグラン&トリミングサロン/ホテル,https://dog-and-sea.com/
apcwanwan@outlook.jp,旭ヶ丘ペットクラブ,北海道,トリミング/ホテル,https://www.apc-wanwan.com/
info@wanya.pet,18 Wanya(ワンや),長野,サロン/ホテル,https://wanya.pet/
smilepetcare311@zd6.so-net.ne.jp,すまいるペットケア,大阪,トリミング/ホテル,https://smilepet.p-kit.com/
tabby.14118@i.softbank.jp,ペットサロンタビー,熊本,トリミング/ホテル,https://www.petsalon-tabby.com/
info@sweetdog.info,すい〜とどっぐ,山形,トリミング/ペットホテル/ドッグラン,https://www.sweetdog.info/
info@pooches.jp,Pooches(プーチーズ),愛知,犬のデイケア/ドッグホテル/しつけ/犬の学校,https://pooches.jp/
contact@onescool.com,ONE'S COOL(わんずくーる),大分,ドッグ保育園/デイケア/ホテル,https://www.onescool.com/
contact@moimoidog.com,Dog Salon moimoi,岩手,ドッグサロン(トリミング専門),https://www.moimoidog.com/
info@pomme-d-adam.com,Pomme d'Adam(ポムダダン),福島,トリミング/ドッグフォトスタジオ,https://pomme-d-adam.com/
info@dogplace-oasis.jp,Dog Place Oasis,東京,トリミングサロン,https://dogplace-oasis.jp/
info@caldog.co.jp,トリミングサロン カリフォルニアドッグ,茨城,トリミングサロン,https://www.caldog.co.jp/
minatominato@nifty.com,ドッグサロン・ベルーガ,愛知,ドッグサロン(トリミング&犬の整体),https://dog-beluga.com/
info@pee-ka-boo.net,犬のほいくえん Pee-Ka-Boo,大阪,ドッグ保育園/預かり,https://www.pee-ka-boo.net/
