通し番号,元リスト,エリア,店舗名,業種,公式サイトURL,電話,メール公開,メールアドレス,問い合わせフォーム,備考
1,初回,北海道,さっぽろ元町動物病院,動物病院/ホテル/トリミング,https://www.sapporomotomachi-ah.co.jp/hotel.html,011-786-1717,×,,×,札幌市東区｜検証: 電話のみ(011-786-1717)、フォーム・メール公開なし
2,初回,北海道,わくわくペットランド,トリミング/ホテル,https://www.wakuwaku-petland.com/,011-865-8088,×,,×,札幌市白石区｜検証(再): トップ取得成功。メール公開なし、連絡はLINE公式・電話(011-865-8088)・来店のみ、入力フォーム無し
3,初回,北海道,ペットハウステンテン,ショップ/トリミング/ホテル,https://www.dog-tenten.co.jp/,011-733-1212,×,,○,札幌市/複数店｜検証: /contactに入力フォーム有(氏名/メール/電話/内容)、生体予約フォームも有
4,初回,北海道,ペットサロン睦,トリミング/ホテル,http://www.petsalon-mutsumi.com/,,不明,,不明,札幌市｜検証: サイトが503でアクセス不可(www/非www・http/https全滅)
5,初回,北海道,旭ヶ丘ペットクラブ,トリミング/ホテル,https://www.apc-wanwan.com/,,○,apcwanwan@outlook.jp,×,札幌市中央区｜検証: mailtoでメール公開、対応は電話/LINE/メール、入力フォームは無し
6,初回,北海道,ペットサロンamitie,トリミング/ホテル,https://www.amitie-maeda.com/,,×,,○,札幌市｜検証: /contactに入力フォーム有(氏名/メール/電話/内容)、外部予約システムも有
7,初回,北海道,ラブワンコ,トリミング/ホテル,https://lovewanco.net/,,×,,×,札幌市/4店舗｜検証: 各店電話番号のみ、フォーム・メール公開なし
8,初回,北海道,ペットサロンPeass,トリミング,https://www.dogsalonpeass.com/,,×,,×,札幌市白石区｜検証: 電話のみ(011-799-4085)、Instagram有、フォーム無し
9,初回,北海道,ドッグ・ラブ・クオ,トリミング/ホテル,https://doglovequa.jp/,,×,,○,札幌市｜検証: /contact/に入力フォーム有(氏名/フリガナ/メール/電話/内容)、/reserve/予約ページも有
10,初回,宮城,Dog & Cat Salon LUPINE.,サロン/ホテル/保育園,https://lupine-nomine.com/,,×,,×,仙台市宮城野区｜検証: 連絡はLINE推奨、電話/LINE/Instagramのみ、フォーム無し
11,初回,宮城,ペットショップさまん,トリミング/ホテル/用品,https://www.pet-saman.com/,,×,,○,仙台市青葉区｜検証: /form/index.htmlに入力フォーム有(氏名/メール/住所/電話/種別/内容)
12,初回,宮城,ペットサロン フレンドハウス,トリミング/ホテル/ショップ,https://www.ps-fh.com/,,×,,○,仙台市青葉区｜検証: contact.htmlに問い合わせ・予約フォーム有(氏名/メール/希望日時/ペット情報等)
13,初回,宮城,ワンダーランド,ホテル/美容室,https://wanderland-sendai.com/,,×,,○,仙台市｜検証: 電話022-778-4150、予約はLINE/外部メールフォーム(web-story.biz)へのリンク有
14,初回,宮城,Pet Station Lavie,トリミング/ホテル,https://www.petstationlavie.com/,,×,,×,仙台市青葉区｜検証: 電話022-221-8293のみ、予約はLINE、フォーム無し
15,初回,宮城,ペットショップF,トリミング/ホテル,https://www.pet-shop-f.com/,,×,,×,仙台市太白区長町南｜検証: 電話022-247-8852のみ(予約・問合せは電話)
16,初回,宮城,PET SALON R,トリミング/ホテル,https://www.pet-salon-r.com/,,×,,×,仙台市宮城野区/多賀城市｜検証: 電話022-368-6654のみ(予約制)
17,初回,東京,ヌーノクラブ,ホテル/サロン,https://www.nunoclub.com/,,○,pet@nunoclub.com,○,中野区｜検証: contact.htmlに入力フォーム有、メールも記載
18,初回,東京,ニッコロ,ホテル/トリミング,http://niccolo.jp/,,不明,,不明,港区赤坂｜検証: 全アクセスでHTTP 503(http/https・www有無とも)
19,初回,東京,Toutou(トゥートゥー),サロン/ホテル,https://www.petsalon-toutou.com/,03-3829-5534,×,,○,墨田区向島｜検証: /contactに入力フォーム有(氏名/メール/電話/内容)
20,初回,東京,WITH(ウィズ),トリミング/ホテル,https://dog-with.co.jp/,,×,,○,新宿・中野｜検証: contact.htmlが問合せ専用ページ(フォーム動的読込)、電話03-3350-1041
21,初回,東京,AHBASE,トリミング/ホテル/ドッグパーク,https://ah-base.com/,03-5809-7787,×,,○,東京｜検証: /contact/に入力フォーム有(氏名/メール/電話/種別/内容)
22,初回,東京,トリミング工房Shampoo,サロン/ホテル,https://trimming-shampoo.com/,03-3769-1126,×,,○,港区芝/田町/品川｜検証: /reservation/にトリミング・ホテル予約フォーム有
23,初回,東京,Joli 神楽坂店,ホテル/トリミング,https://xn--joli-9o4csan6ll5nt234bdzzb3e4b.jp/,03-5579-2144,○,info@pet-joli.com,○,新宿区山吹町｜検証: pet-joli.com/contact/にフォーム有、メールはプライバシー欄に記載
24,初回,神奈川,PET SALON EMICIA,トリミング/ホテル,https://www.petsalon-emicia.com/,,×,,○,横浜市栄区｜検証: /contactに入力フォーム有(氏名/メール/電話/内容)、電話045-568-8236
25,初回,神奈川,PetSalon Leaf,トリミング/ホテル,https://www.petsalon-leaf.com/,,×,,○,横浜市中区本牧｜検証: トップは403、非wwwで閲覧可。/contactにフォーム有、電話045-873-1693
26,初回,神奈川,PET CARE PLACE,ホテル/トリミング/介護,https://pet-cp.com/,,×,,○,横浜市南区大岡｜検証: /contactにフォーム有(店舗選択/ペット情報/氏名/メール/電話/内容)、LINEも
27,初回,神奈川,おさんぽびより,トリミング/ホテル,https://www.osanpobiyori.jp/,,×,,○,横浜市｜検証: /contactにフォーム有(氏名/住所/電話/メール/内容/希望日時)、電話045-947-0108
28,初回,神奈川,わんわん物語,トリミング/ホテル,https://yokohamapetsalon-wanwanstory.com/,,不明,,不明,横浜市南区｜検証: 全入口(www有無・http)で503のため確認不可
29,初回,神奈川,ATOLL(アトール),トリミング,https://www.pet-atoll.com/,,×,,○,横浜市｜検証(再): トップ・サブpage取得成功。メール記載なし。外部予約フォーム(step.petlife.asia サロン用/ホテル用)へのリンク有、「お電話やメールフォームよりお受けしています」と明記
30,初回,千葉,ペットサロンピュアランド,トリミング/ホテル,https://www.pureland.biz/,,×,,○,千葉市稲毛区｜検証: /contact.htmlにフォーム有(氏名/住所/電話/メール/犬情報/希望日時)、電話043-286-6828
31,初回,千葉,ペット美容室ダブル,トリミング,https://www.petbiyoshitsu-w.com/,,×,,○,千葉市中央区｜検証: /contactにフォーム有(氏名/メール/電話/内容)、電話070-5025-5882、LINE有
32,初回,千葉,PET HOTEL&SALON JUYELL,ホテル/サロン,https://juyell.com/,,×,,○,千葉市｜検証: /contact/にフォーム有(氏名/電話/住所/メール/犬種/内容)、電話043-307-5550
33,初回,千葉,トリミングサロン アラモード,トリミング/ホテル,https://www.ts-alamode.com/,,×,,○,千葉/東京/埼玉に展開｜検証: お問い合わせ/ご意見フォームへのリンク有(入力欄はJS描画)
34,初回,埼玉,Lucu(ルチュ),トリミング/ホテル,https://lucu.jp/,,×,,○,川口市/24時間常駐｜検証: /information/にフォーム有(氏名/メール/題名/本文)、予約はpetlife.asia外部、電話048-202-0690
35,初回,静岡,ONE LUKE 静岡葵区店,トリミング/ホテル,https://oneluke.net/shizuokaaoi/,,×,,○,静岡市葵区｜検証: /contact/にフォーム有(氏名/電話/メール/内容)、予約はlit.link外部、電話054-207-9697
36,初回,静岡,いちごみるく,トリミング/ホテル,https://ichigomilk-salon.jp/,,×,,×,静岡市｜検証: 電話のみ(054-284-0022/054-665-6295)。WEB予約は既存客限定の外部、新規は電話のみ
37,初回,静岡,わんだふるわーるど,美容室/ホテル,https://www.wonderfulworld7688.com/,,×,,×,静岡市｜検証: 電話のみ(054-284-7688)、/contactは404、フォーム無し
38,初回,長野,ONE LUKE 長野店,トリミング/ホテル,https://oneluke.net/nagano/,,×,,○,長野市｜検証: /nagano/contactにフォーム有(氏名/電話/メール/内容)、電話026-217-4438
39,初回,長野,ドッグリゾートクラブ,トリミング/しつけ/ホテル,https://www.dog-resortclub.com/,,×,,×,長野市｜検証(再): トップ・contact相当ページ取得成功。メール記載なし。「お問い合わせ」は入力欄でなく電話(026-214-0212)案内のみ、/contact等は404
40,初回,長野,ドッグラバーズ,トリミング/ホテル/スタジオ,https://www.doglovers-nagano.com/,,×,,×,長野市｜検証: 予約は電話のみ(026-285-9162)、問い合わせページ・フォーム無し
41,初回,長野,18 Wanya(ワンや),サロン/ホテル,https://wanya.pet/,,○,info@wanya.pet,×,茅野市｜検証: mailtoリンク有、入力フォームは無し、電話0266-55-7135
42,初回,新潟,La la lu(ララルー),サロン/ホテル,https://dogsalon-lalalu.com/,,×,,×,長岡市｜検証: LINEと電話のみ(0258-86-8478)、フォーム無し
43,初回,愛知,WON O WON,トリミング/ホテル,https://www.pet-won-o-won.com/,,不明,,不明,名古屋市緑区｜検証: www/非www/contact全て403で確認不可
44,初回,愛知,DOGCAT COCO,トリミング/ホテル,https://dogcatcoco.net/,,×,,○,名古屋市昭和区/千種区/瑞穂区｜検証: /contact/にフォーム有(氏名/メール/電話/メッセージ)、電話052-732-1239
45,初回,愛知,ペットサロン シエンヌ,トリミング/ホテル,https://www.petsalon-chienne.com/,,○,info@petsalon-chienne.com,○,名古屋市名東区｜検証: /contact/にフォーム有(氏名/メール/内容+CAPTCHA)、メールもテキスト公開、電話052-771-5866
46,初回,愛知,コネクト(connect),トリミング/ホテル,https://petsalon-connect.com/,,×,,×,名古屋市南区内田橋｜検証: LINE/電話予約のみ(052-627-5777)、入力フォーム無し
47,初回,愛知,MOFUMOFU,トリミング/ホテル,https://mofumofu.dog/,,×,,×,名古屋市中区上前津｜検証: 外部予約システム/LINEのみ(052-228-4210)、フォーム無し
48,初回,愛知,Furufuru(フルフル),トリミング/ホテル,https://furu-furu.net/,,×,,○,名古屋市/4店舗｜検証: /contact/にフォーム有(店舗選択/氏名/メール/電話/住所/内容)、電話052-721-7022他
49,初回,愛知,ペットサロンジャスミン,トリミング,https://www.m-jasmine.com/,,×,,○,名古屋市緑区｜検証: /inqfm/general/に入力フォーム有(氏名/メール/内容)、電話052-893-9135、オンライン予約も
50,初回,愛知,Étoile(エトワール),ホテル/トリミング,https://etoile-pet.com/,,×,,○,名古屋市千種区｜検証: page08.aspxに入力フォーム有(氏名/電話/メール/犬種/預け日等)、電話052-731-7676
51,初回,愛知,mimiペットサロン,サロン,https://mimi-petsalon.sakura.ne.jp/,,○,trimmingsalon.MIMI@gmail.com / info@mimi-petsalon.sakura.ne.jp,○,名古屋市天白区｜検証: contact.htmlにメール公開、お問い合わせ・ご予約フォームへのリンク有
52,初回,愛知,ONE LUKE 名駅店,トリミング/ホテル,https://oneluke.net/nakamurakumeieki/,,×,,○,名古屋市中村区｜検証: /contact/にフォーム有(氏名/電話/メール/内容)、電話052-433-1344、lit.link予約
53,初回,大阪,OPPペットクラブ24,ホテル,https://www.opp-petclub24.com/,06-6768-8817,×,,○,大阪市中央区瓦屋町/24h｜検証: /form.phpにお問い合わせフォーム有(電話/メール希望選択式)、トップは403で非www確認
54,初回,大阪,PetSalon&Hotel MaG,トリミング/ホテル,https://www.mag-20415.com/,,×,,○,大阪市北区｜検証: /contactに入力フォーム有(氏名/メール/電話/内容)、電話06-6485-5151、LINE有
55,初回,大阪,すまいるペットケア,トリミング/ホテル,https://smilepet.p-kit.com/,072-238-2666,○,smilepetcare311@zd6.so-net.ne.jp,×,堺市堺区｜検証: contactページにメール公開、入力フォームは無くメール送信案内、電話072-238-2666
56,初回,大阪,ペットサロンCOCO,トリミング/ホテル,http://petsalon-coco.com/,080-5326-4007,不明,,不明,大阪市城東区｜検証: http/https・www有無・/index.html全て503/404/403で確認不可
57,初回,大阪,ペットホテル・トリミングtriangle,ホテル/トリミング,https://petsitterhoteltriangle.amebaownd.com/,,○,papiroko.saya@icloud.com (検索情報),×,大阪｜検証(再): Ameba Ownd実ページは404で取得不可。外部店舗情報(検索)で「24時間メール受付」とメール掲載、問い合わせは電話090-3719-3677/Instagram中心でフォーム記載なし。※実ページ未確認のため検索情報
58,初回,大阪,Dog Salon CREA,トリミング/ホテル,https://www.dogsaloncrea.com/,06-4702-1188,×,,○,大阪市住之江区｜検証: /contactは404だが、トップ等に外部予約フォーム(step.petlife.asia)へのリンク有、電話06-4702-1188
59,初回,大阪,ONE LUKE 大阪中央区店,トリミング/ホテル,https://oneluke.net/osakachuo/,,×,,○,大阪市中央区｜検証: /contact/にフォーム有(氏名/電話/メール/内容)、lit.link予約有
60,初回,大阪,PETSALON&HOTEL chere(シェール),サロン/ホテル,https://www.petsalon-chere.com/,,×,,○,大阪市｜検証: /contactに入力フォーム有(氏名/電話/メール/内容)、予約は電話推奨
61,初回,京都,ペットトリミングサロンTOY,トリミング/ホテル,https://www.trimmingsalon-toy.com/,,×,,○,京都市伏見区｜検証: /contactにフォーム有(氏名/メール/電話/内容)、オンライン予約・電話・LINEも
62,初回,京都,COCO(ココ),サロン/ホテル,https://coco-dog.com/,,×,,×,京都市西京区｜検証: 完全予約制、電話とLINEのみ、フォーム無し
63,初回,京都,ペットサロンくんくん,サロン/ホテル,https://pet-hoteltoinkyoto.com/pet-salon,,○,kunkun@pet-hoteltoinkyoto.com,○,京都市/京都駅近く｜検証: トップに入力フォーム有(氏名/メール/予約・問合せ内容)、外部予約システムも
64,初回,京都,the trimming 京都本店,トリミング,https://trimming.animal-kyoto.jp/,,不明,,不明,京都市/動物病院併設｜検証: 403 Forbidden、別入口(animal-kyoto.jp/www付き)も403で確認不可
65,初回,兵庫,ドギーパレス 神戸ポートタワー店,サロン/ホテル,https://www.doggy111.com/,,×,,○,神戸市/芦屋｜検証: contact.htmlにフォーム有(氏名/電話/メール/犬猫詳細/内容)、電話・LINEも
66,初回,兵庫,神戸ペットホテル フェリーチェ,ホテル,https://kobe.felice-pet.jp/index2.html,,○,hanako@hanakonet.com,○,神戸市｜検証: contact.htmlにメール掲載、フォーム有(定期確認の旨記載)、電話・LINEも
67,初回,兵庫,dog salon Pele,トリミング/ホテル,https://www.dogsalon-pele.com/,,×,,○,神戸市｜検証: /contact/にフォーム有(氏名/ふりがな/メール/電話/内容)、外部予約reserva.be・電話も
68,初回,兵庫,Amity,トリミング/ホテル,http://www.amity-dog.com/,,不明,,不明,神戸市｜検証: 503 Service Unavailable、http/https・www有無いずれも503で確認不可
69,初回,兵庫,Dog Salon Lien(リアン),サロン,https://dog-salon-lien.com/,,不明,,不明,神戸市西区｜検証: 接続拒否(ECONNREFUSED)、www有無いずれも接続不可で確認不可
70,初回,兵庫,pet salon MINT,トリミング/ホテル,https://petsalon-mint.com/,,○,info@petsalon-mint.com,○,神戸市垂水区｜検証: /contact/にフォーム有(氏名/メール/電話/住所/ペット種別/メニュー/内容)、トップにもメール掲載
71,初回,岡山,ペットサロン フェリーチェ,トリミング/ホテル,https://felice-pet.jp/,,×,,×,岡山市/年中無休｜検証: 予約はアプリ・LINE・電話のみ、/reserve/にフォーム無し
72,初回,岡山,カレン(kallen)ペットサロン,トリミング/ホテル/用品,https://kallen-petsalon.jp/,,×,,×,岡山｜検証: 電話(086-231-5995)のみ、メール・フォーム無し
73,初回,岡山,トリミングサロンSAKURA,トリミング/ホテル,http://trimingsalon-sakura.com/,,不明,,不明,岡山｜検証: http/https/www全て503で確認不可
74,初回,広島,サロン ド トキコ,トリミング/ホテル,https://tokiko.info/,,×,,×,広島市/広島駅近く｜検証: 電話のみ案内、Ameblo誘導、フォーム・メール・リンク無し
75,初回,広島,ドッグサロン風～FUU～,トリミング/ホテル/フード,https://dogsalon-fuu.style/,,×,,○,広島/無添加フード販売｜検証: トップに問合せフォームへのリンク有(氏名/メール/問合せ内容等)
76,初回,広島,m Pet Hotel,ホテル/トリミング,https://m-pet-hotel.com/,,×,,○,広島市中区｜検証: /contact/にフォーム有(氏名/カナ/電話/メール/内容/同意)
77,初回,広島,ペットハウスマリー,ショップ/サロン/ホテル,https://pethouse-mary.com/,,×,,○,広島県｜検証: /contactにフォーム有(姓名/メール/電話/種別/メッセージ/同意。主に求人応募用)
78,初回,広島,Trimming&Hotel DADA,トリミング/ホテル,https://www.dada-pet.com/,,×,,○,広島市/舟入・三篠｜検証: 各店ネット予約(petlife.asia)・LINE予約有、予約・お問合せリンク有
79,初回,福岡,Dog Salon GRACE,ホテル/トリミング/フード,https://dogsalongrace.jp/,092-672-7011,×,,×,福岡市東区千早｜検証: /contact/は電話とLINE案内のみで入力フォーム無し
80,初回,福岡,ペットサロン natural,トリミング/ホテル/用品,https://www.natural2014.com/,,×,,×,福岡市東区/博多区/粕屋郡｜検証: /contact.phpは電話と外部予約システム(itsuaki.com)案内のみ、入力フォーム無し
81,初回,福岡,さくらの木,サロン/ホテル/用品,https://dog.sakuranoki.biz/,,×,,○,福岡市東区名島｜検証: /contact.phpに入力フォーム有(氏名/メール/住所/電話/相談内容)
82,初回,福岡,ビースパ住吉店,ホテル/トリミング,https://b-spa.co.jp/sumiyoshi/,,×,,○,福岡市博多区｜検証: inquiry.htmlに入力フォーム有(氏名/カナ/メール/電話/内容/CAPTCHA)
83,初回,福岡,Shampowan(シャポワン),トリミング,https://shampowan.com/,,×,,○,福岡｜検証: /contact/に入力フォーム有(氏名/カナ/電話/メール/内容/同意)
84,初回,福岡,jolipote,トリミング/ホテル/フード,https://jolipote.com/,,×,,○,福岡市早良区/城南区/西区｜検証: /contact/に入力フォーム有(氏名/フリガナ/メール/項目/内容)
85,初回,福岡,Ozf Mawata,サロン/ホテル,https://www.ozf-mawata.com/,,×,,×,福岡市｜検証: 電話のみ(092-712-3800)、フォーム/Contactリンク無し
86,初回,福岡,pistachio(ピスタチオ),トリミング/ホテル,https://dog-pistachio.com/,092-555-4677,×,,×,福岡市南区｜検証: 電話のみ(092-555-4677)、フォーム/Contactリンク無し
87,初回,熊本,ペットサロン コラット,サロン/ホテル,https://petsaloncorat.com/,,×,,×,熊本市東区｜検証: 電話のみ(096-366-1813)、フォーム/Contactリンク無し
88,初回,熊本,ペットサロンタビー,トリミング/ホテル,https://www.petsalon-tabby.com/,,○,tabby.14118@i.softbank.jp,×,熊本市東区｜検証: infomationページにメール記載、入力フォームは無く電話/メール/予約制
89,初回,鹿児島,カレン動物病院,ホテル/トリミング,https://kalen.pet/hotel,,×,,×,鹿児島市｜検証: 電話のみ(099-297-6363)、Contactページ・入力フォーム無し
90,初回,沖縄,Total pet salon Chouchou,トリミング/ホテル,https://www.chouchou-tvc.jp/,,×,,×,沖縄市与儀｜検証: 電話(098-923-0911)・LINE登録のみ、入力フォーム無し
91,初回,沖縄,サロンドオハナ,ホテル/トリミング,https://salonde-ohana.com/,,×,,○,沖縄市｜検証: /pages/contactに入力フォーム有(氏名/メール/電話/件名/内容)、LINEも
92,初回,沖縄,トリミングサロン Olu Pono,トリミング/ホテル,https://churatown.com/detail/177/index.html,,×,,○,那覇市/古島駅周辺｜検証: contact.htmlにお問合せフォーム、reserve.htmlに予約フォーム有(氏名/メール/TEL等)
93,追加1,北海道,犬の幼稚園HappyDog,ドッグ幼稚園/しつけ,https://kitanodog.com/,,○,kitanodogschool@gmail.com,○,札幌市清田区・中央区｜/contactに入力フォーム、店舗共通メール公開
94,追加1,北海道,ペットホテル オンリーワン,ペットホテル/トリミング,https://www.only-wan.net/,,×,,×,札幌市白石区｜メールフォーム休止中、電話(011-861-4805)のみ
95,追加1,青森,ドッグガーデン青森,ドッグ幼稚園/ホテル,https://doggarden.jp/,,×,,不明,青森市松原｜contact系ページ開けず未確認、電話・LINEは公開
96,追加1,青森,わんぷろ,ドッグ幼稚園/しつけ,https://wanpro-dog.jp/,,○,info@wanpro-dog.com,○,青森市本町｜フッターにmailto公開、/contact/に入力フォーム
97,追加1,岩手,ドッグファームSHINYA,ドッグスクール/しつけ/ホテル,https://dogfarmshinya.com/,,×,,○,盛岡市川目｜メール非公開(電話019-654-3326)、/contact/に入力フォーム
98,追加1,岩手,Le Terrier(ル・テリエ),ペットホテル/トリミング,https://leterrier.jp/,,×,,×,盛岡市黒石野｜メール・フォームなし、店頭/電話誘導のみ
99,追加1,岩手,queue de chouchou,トリミング/ペットホテル,https://queue-de-chouchou.com/,,不明,,不明,盛岡市｜https/http・www有無いずれも503継続で開けず
100,追加1,秋田,ロシナンテ,トリミング/ペットホテル,https://sp5b86d9.wixsite.com/rocinante,,×,,×,秋田市金足追分｜Wixサイト、電話(090-5594-4963)のみ
101,追加1,山形,ONE LUKE 山形駅店,ペットホテル/トリミング,https://oneluke.net/yamagataeki/,,×,,○,山形市｜/contact/に入力フォーム、予約はlit.link外部
102,追加1,山形,isdog 山形店,トリミング/ペットホテル,https://itsumo.dog/9623/,,×,,○,山形市高堂｜/contact/contact.phpに入力フォーム
103,追加1,山形,すい〜とどっぐ,トリミング/ペットホテル/ドッグラン,https://www.sweetdog.info/,,○,info@sweetdog.info,×,山辺町｜メール公開、予約は外部システム(petlife.asia)
104,追加1,宮城,with DOG,トリミング/ドッグ幼稚園/ペットホテル,https://withdog-sendai.jp/,,×,,×,仙台市青葉区旭ヶ丘｜予約は電話/LINE/外部予約、入力フォームなし
105,追加1,宮城,Bowmu,犬の保育園/ドッグホテル/トリミング,https://bowmu.dog/,,不明,,不明,仙台市北六番丁｜トップはヘッダのみ取得、/contact/が502で未確認
106,追加1,宮城,Good Dog,犬の保育園/トリミング/ドッグホテル,https://www.gooddoghoikuensalon.com/,,×,,×,仙台市青葉区｜予約はLINE/電話、入力フォームなし
107,追加1,宮城,I-Glow(アイグロー)仙台店,犬の保育園/トリミング/ホテル,https://iglow-sendai.com/,,×,,○,仙台市青葉区｜お問い合わせはiglow.shop-pro.jpの入力フォーム
108,追加1,福島,2WanHappy,犬の保育園/ペットホテル/トリミング,https://2wanhappy.com/,,×,,○,いわき市平中山｜トップ内に氏名/メール/電話/種別/内容の入力フォーム(電話0246-25-7365)
109,追加1,福島,one zu gate(ワンズゲート),トリミング/一時預かり/ドッグラン,https://onezugate.com/,,○,onezugate0808@500-8107.com,○,三春町(田村郡)｜mailto公開、/contact/に入力フォーム
110,追加1,福島,Pomme d'Adam(ポムダダン),トリミング/ドッグフォトスタジオ,https://pomme-d-adam.com/,,×,,○,福島市陣場町6-14｜/serviceform/に詳細入力フォーム
111,追加1,東京,犬のひみつきち,ドッグ幼稚園・保育園/ペットホテル,https://www.dogs-base.com/,,×,,○,江東区森下｜メール非公開(電話03-3631-2858)、/contact/に入力フォーム
112,追加1,東京,犬の保育園 vowbee,ドッグ幼稚園・保育園,https://vowbee.jp/,,×,,○,調布市仙川/武蔵野・三鷹｜/contact/に入力フォーム、メール非公開で電話のみ
113,追加1,東京,dog studio LOVE WOOF!!,ペットホテル/ドッグ幼稚園/トリミング,https://lovewoof.co.jp/hotel.html,,○,info@lovewoof.co.jp 他,×,新宿区・文京区・品川区・中央区｜各店mailto公開、入力フォームは未確認(予約は電話/メール誘導)
114,追加1,東京,犬のしつけ教室DOGLY,ドッグ幼稚園・保育園/ペットホテル,https://dogly.jp/,,×,,○,台東区根岸(鶯谷)｜inquiry.cgiのSSL入力フォーム、メール非公開
115,追加1,東京,Parco del Cane,ドッグデイケア/犬の保育園,https://tripletta.com/,,×,,○,世田谷区用賀｜/contact/に種別/メール/氏名/電話/内容の入力フォーム
116,追加1,神奈川,DOGSTARS,犬の幼稚園/ドッグホテル/トリミング,https://dogstars.jp/,,×,,×,横浜市中区・神奈川区｜連絡はLINE(2店舗)と電話が主、フォーム・メールなし
117,追加1,神奈川,enbleland 犬の幼稚園,ドッグ幼稚園・保育/トリミング,https://enble-land.com/,,×,,×,横浜市中区｜連絡は公式LINEと電話(080-6886-4946)のみ
118,追加1,神奈川,犬の保育園 ほめほめホーム,犬の保育園/ドッグデイケア,https://homehomehome.jp.net/,,○,yuka.crea0714@gmail.com,×,横浜市泉区｜フォーム不具合中につき現在メール対応、mailto公開
119,追加1,神奈川,ペットホテル＆サロン デルタ,ペットホテル/トリミング,https://www.pethoteldelta.com/,,×,,○,川崎市幸区｜/contactに入力フォーム、予約は/reserve別途
120,追加1,千葉,犬の保育園Baby,ドッグ幼稚園・保育園/ペットホテル/トリミング,https://www.inuhoiku-baby.com/,,不明,,○,習志野市｜/お問い合わせ/に入力フォーム。トップのメールはCloudflare保護で実アドレス判読不可
121,追加1,千葉,ドギー・ワンダーランド,ドッグ幼稚園・保育園/ペットホテル,https://doggy-wl.com/,,×,,○,千葉市中央区｜/contact/にメニュー選択/氏名/メール/本文の入力フォーム
122,追加1,埼玉,のんびーはうす,ペットホテル/犬の幼稚園/トリミング,https://www.nonby-house.com/,,×,,○,さいたま市見沼区ほか多店舗｜/reserveに予約フォーム、メール非公開
123,追加1,埼玉,犬の学校 Minakuru,ドッグ幼稚園・保育園/ペットホテル/トリミング,https://minakuru.in/,,×,,×,さいたま市桜区・大宮区｜LINE・電話中心、トップに入力フォームなし(再確認済)
124,追加1,埼玉,ドッグスクールZERO,犬の保育園/トリミング,https://www.dogschool-zero.jp/,,×,,○,つくば市｜/contactに入力フォーム、LINE/電話併用
125,追加1,栃木,Dog House 陽だまり,犬の保育園/ペットホテル/一時預かり,https://www.hidamari.email/,,×,,○,宇都宮市｜/contactに氏名/Email/件名/メッセージの入力フォーム(メール表記は電話のみ)
126,追加1,栃木,Dog Salon LUDAN,トリミングサロン/ペットホテル,https://dogsalon-ludan.com/,,×,,○,沼田市(群馬)｜/contact/に氏名/電話/メール/犬種/年齢/内容の入力フォーム
127,追加1,静岡,Spottie's Spot(スポッティーズ・スポット),ドッグ幼稚園/お泊り保育/ホテル/しつけ,https://www.spotties-spot.jp/,,×,,○,静岡市清水区横砂中町｜氏名/ふりがな/メール/電話/内容の入力フォーム、メール非公開
128,追加1,静岡,HAMA&WAN(ハマ&ワン),ペットホテル/ドッグラン/トリミング,https://www.hama-wan.com/,,×,,○,浜松市中央区富塚町｜inquiry.htmlに入力フォーム(予約は電話)、メール非公開
129,追加1,山梨,犬の保育園 Mof&Ful,犬の保育園/ドッグホテル/デイ預かり,https://mofandful-dognursery.com/,,○,info@mofandful-dognursery.com,○,甲府市下石田｜フッターにメール公開、お問い合わせページに入力フォーム
130,追加1,長野,ペットシッターKEN.129,犬の幼稚園/ペットホテル/トリミング/しつけ,https://ken-129.com/,,○,petsitter.ken.129@gmail.com,○,長野市松代｜メールをテキスト公開、/contactに入力フォーム
131,追加1,新潟,犬幸村(けんこうむら),ドッグ幼稚園/トリミング/出張トレーニング,https://kenkohmura.jp/,,○,info@kenkohmura.jp,○,三条市・長岡市｜トップにメール記載、/contactにフォームへのリンク
132,追加1,新潟,わんダ～らん(わんわん保育園),わんわん保育園/ペットホテル/トリミング/ドッグラン,https://www.wonderrun.com/,,不明,,不明,新潟市西区槇尾｜www/非www・http/httpsいずれも403で開けず
133,追加1,愛知,Pooches(プーチーズ),犬のデイケア/ドッグホテル/しつけ/犬の学校,https://pooches.jp/,,○,info@pooches.jp,×,名古屋市緑区・守山区｜/contactにアドレスをアット表記で公開、フォームはスパム対策で停止中
134,追加1,愛知,わんわん保育園あおぞら,犬の保育園/ホテル/トリミング/老犬介護,https://wanwan-aozora.com/,,×,,○,名古屋市名東区｜/contact/に名前/メール/電話/用件/本文の入力フォーム
135,追加1,愛知,wanroom,犬の幼稚園/ペットホテル,https://wanroom-pet.com/,,×,,○,名古屋市千種区千代が丘｜/contact/に名前/住所/電話/メール/内容の入力フォーム
136,追加1,岐阜,セカンドハウス,ペットホテル/トリミング/犬の幼稚園/ドッグスクール,https://s-house526.com/,,×,,×,羽島市・関市｜問い合わせは公式LINEまたは電話のみと明記
137,追加1,岐阜,ドッグスクールROOT,犬の幼稚園/出張トレーニング/24時間ドッグジム,https://www.dogschoolroot.com/,,×,,不明,各務原市｜www/非www・http/httpsいずれも403でトップから確認不可
138,追加1,岐阜,ドッグケアハウス モプティシェリ,犬の幼稚園/トリミング/ホテル/一時預かり,https://www.monpetit-cheri.jp/,,×,,○,岐阜市福光西｜/contactに名前/メール/電話/内容の入力フォーム
139,追加1,三重,Dog Answer(ドッグアンサー),ドッグスクール/犬の幼稚園/ペットホテル/トリミング,https://www.dogschool-tanaka.jp/,,○,@dogschool-tanaka.jp ドメイン,○,四日市市小杉平町｜/contact/に入力フォーム(完全アドレスは非表示)
140,追加1,富山,ワンズクラブ富山,犬の学校・保育園/トリミング/ホテル,https://wansclubtoyama-dogs.jimdofree.com/,,×,,○,射水市三ケ(アルプラザ小杉内)｜/お問い合わせ/に入力フォーム(CAPTCHA)
141,追加1,石川,いぬの保育園 ペロ(perro),犬の保育園/ドッグトレーニング,https://perro.jp/,,×,,○,野々市市稲荷｜/contact/に名前/電話/メール/犬情報/内容の入力フォーム
142,追加1,石川,絆Labo(ラボ),犬のしつけ教室/ペットホテル/シャンプー,https://kizuna-labo.com/,,×,,○,金沢市小坂町｜/contact/に入力フォーム、連絡は電話080-9680-7858
143,追加1,福井,PARCOURIL(パルクリール),トリミング/ペットホテル/ショップ,https://parcourir.jp/,,×,,○,福井市成和｜/contact/に名前/電話/メール/住所/犬情報/内容の入力フォーム
144,追加1,大阪,DOG WOOF by popomeip,ドッグ幼稚園/トレーニング/トリミング/ホテル,https://popomeip.com/,,×,,×,大阪府守口市｜予約・問い合わせは電話(06-6995-4871)のみと明記
145,追加1,大阪,WanWanWan 犬の幼稚園,ドッグ幼稚園/お泊まり保育/トリミング,https://wanwanwan.dog/,,×,,×,大阪市(浪速区・天王寺区・西区・北区)｜電話/LINE/Instagramのみ、/contactは404
146,追加1,大阪,ulu,ドッグ幼稚園/一時保育/ホテル/トリミング,https://ulu-petcare.com/,,×,,○,大阪市浪速区幸町｜/contact/に名前/メール/電話/住所/内容/カテゴリの入力フォーム
147,追加1,京都,Perrito(ペリート),ドッグ幼稚園/トレーニング/ペットホテル/トリミング,https://www.petit3669.com/,,×,,×,京都市伏見区石田大山町｜予約は外部予約システム・LINE・電話、入力フォームなし
148,追加1,京都,るぴこむ わんこのお宿・幼稚園,ペットホテル/ドッグ幼稚園,https://lupicom.com/,,○,lupicom.wan.wan@gmail.com,○,京都市中京区(京町家)｜フッターにmailto公開、予約・お問合せフォームあり
149,追加1,京都,mum dog(マムドッグ),犬の保育園/ドッグトレーニング,https://mumdog-kyoto.com/,,×,,○,京都市南区吉祥院｜/contact/に名前/フリガナ/メール/電話/犬情報/内容の入力フォーム
150,追加1,京都,DOGアイドル,ペット保育園/ペットホテル/トリミング,https://www.dogidol.net/,,○,hello@dogidol.net,○,京都市北区紫野｜フッターにメール、/enquiry問い合わせ・/booking予約フォーム
151,追加1,兵庫,RISPETTO(リスペット),ドッグ幼稚園/デイケア/ペットホテル/トリミング,https://rispetto-dog.com/,,×,,×,西宮市(神戸市灘区に姉妹店)｜トップは電話のみのポータル、/contactは404
152,追加1,兵庫,犬の幼稚園 mo-no(モーノ),ドッグスクール/ゲージフリーペットホテル,https://mo-no-inu.com/,,×,,×,神戸市垂水区名谷町｜/contactは電話・LINE案内のみで入力フォームなし
153,追加1,奈良,郡山ドッグスクール,ドッグ幼稚園/ドッグホテル/ドッグスクール,https://koriyama-dogschool.com/,,×,,○,大和郡山市｜/contact/に氏名/電話/メール/内容の入力フォーム、メール非公開
154,追加1,奈良,K'sドッグスクール 本校,ドッグスクール/ペットホテル/トリミング,https://ksdogschool.com/,,不明,,不明,奈良市押熊町｜https/http・www有無いずれも403で開けず
155,追加1,滋賀,ドッグサロンナナ,トリミング/ペットホテル,https://dognana.jp/,,×,,×,大津市｜TEL 077-524-3873のみ、/contact/は電話案内で入力フォームなし
156,追加1,滋賀,ドッグサロンオズ,トリミング/ペットホテル/ペットシッター,https://dogsalon-oz.com/,,×,,○,栗東市(守山市にも店舗)｜/contactに希望プラン/日等の予約問い合わせフォーム
157,追加1,和歌山,ツチヤドッグスクール,ドッグ幼稚園/一時預かり/ドッグスクール,https://www.eonet.ne.jp/~ttdog/,,○,pawkydog@yahoo.co.jp,×,和歌山市六十谷｜トップにmailtoでメール公開、入力フォームはなし
158,追加1,鳥取,あおぞらドッグラン,ドッグ幼稚園/ペットホテル/トリミング,https://aozora-d.jp/,,×,,○,鳥取市湖山町西4丁目｜/otoiawase/に名前/メール/題名/本文の入力フォーム
159,追加1,島根,ドッグスクール縁,ドッグ幼稚園/ドッグスクール/ホテル,https://dog-school-enn.com/,,×,,○,松江市宍道町佐々布｜/contactに入力フォーム(別途Googleフォーム予約も)
160,追加1,香川,i-DOG アイドッグ ラティ高松店,ペットホテル/トリミング/ドッグラン,https://i-dog.jp/hotelandtrimming/,,×,,○,高松市多肥上町｜/contactは404だがホテル予約はGoogleフォーム(forms.gle)
161,追加1,広島,ドッグスクール FLAP,ドッグ幼稚園/しつけ教室/ペットホテル,https://dog-sc-flap.lolipop.jp/,,×,,○,広島市｜予約は外部フォーム(select-type.com等)、LINE・SNSあり
162,追加1,広島,ペットホテルBRUNO,ペットホテル(ケージフリー),https://aubergecaninebruno.com/,,×,,○,広島市東区｜/contact/に氏名/ふりがな/メール/電話/内容の入力フォーム(reCAPTCHA)
163,追加1,広島,ドッグサポート,犬の保育園/トレーニング/ホテル/トリミング,http://www.megaegg.ne.jp/~dog-support/,,不明,,不明,広島市西区｜http/www有無いずれも503で開けず
164,追加1,山口,ハッピーランドハレルヤ,犬の保育園/しつけ教室/ペットホテル,https://happyland-hareruya.com/,,×,,×,山口市朝倉町｜予約は外部システム(reserva.be)、問い合わせはLINE・電話
165,追加1,山口,Pet hotel Laster hill,ペットホテル,https://laster-hill.com/,,○,info@laster-hill.com,○,山口市小郡光が丘｜フッターにmailto公開、/cms/pageask0.htmlに入力フォーム
166,追加1,徳島,ペットステーション ジュエル,犬の保育園/ペットホテル/介護,https://petcare-jewel.com/,,○,info@petcare-jewel.com,○,徳島市八万町｜トップにメール公開、お問い合わせフォームリンク(予約は外部)
167,追加1,香川,犬・幼稚園 Smart One,ドッグ幼稚園/ペットホテル,https://codogschool-pupguide.com/hotel/,,○,co.dogschool@gmail.com,○,高松市木太町｜mailtoでメール公開、ホテル予約フォームあり、LINE相談も
168,追加1,香川,MIKKAドッグライフ,ペットホテル(1日1組),https://mikka-dog.com/dog-hotel/,,○,info.mikka.doglife@gmail.com,○,高松市十川西町｜フッターにメール公開、/contact/に入力フォーム
169,追加1,愛媛,ペット保育園ポム,ペット保育園/ペットホテル/トリミング,https://pet-pom.jimdofree.com/,,×,,○,松山市勝山町｜お問合わせページに名前/メール/メッセージの入力フォーム(電話089-915-1125)
170,追加1,愛媛,ZOOの森,ペットホテル/トリミング/ドッグエステ,https://petzoo.jp/,,×,,○,松山市｜/contact/に仮予約・問い合わせフォーム(電話080-2991-7987)
171,追加1,愛媛,ペットサロン Off Time,トリミング/ペットホテル/一時預かり,https://petsalon-offtime.com/,,×,,×,松山市来住町｜完全予約制で電話のみ(089-957-5951)
172,追加1,高知,SEIWASOHドッグスクール,ドッグスクール/犬の保育園/ペットホテル,https://www.seiwasoh.com/,,○,seiwasoh0022@outlook.jp,○,高知市仁井田｜/contactに入力フォーム、メールはプライバシーポリシー欄に記載
173,追加1,福岡,犬の保育園 Hana,ドッグ幼稚園/ホテル/トリミング,https://inunohoikuen-hana.com/,,×,,×,福岡市東区筥松｜予約とも電話案内(080-8328-8787)/LINE中心、実フォーム未確認
174,追加1,福岡,ドッグライフプランナーズ福岡校,ドッグ幼稚園/ホテル/しつけ,https://dlp-fuk.com/,,×,,×,福岡市南区玉川町｜問い合わせフォーム(/main/postmail/)は停止中、電話のみ(092-553-6667)
175,追加1,福岡,ドッグサロン SaPone(サポネ),ドッグ幼稚園/ホテル/トリミング,https://dog-sapone.com/,,×,,×,那珂川市今光｜問い合わせ/予約ページなし、/contactは404、電話のみ(092-408-3381)
176,追加1,福岡,TKS-Dog Sports Club,ドッグ幼稚園/ホテル/しつけ,https://www.tks-dogsportsclub.com/,,×,,○,那珂川市南畑｜トップに名前/メール/件名/本文の問い合わせフォーム
177,追加1,佐賀,SAGAドッグスクール,しつけ/ペットホテル,https://sagadogschool.com/,,×,,○,佐賀市富士町｜/contactに名前/メール/住所/電話/メッセージの入力フォーム(電話0952-51-0035)
178,追加1,長崎,長崎企画(犬訓練所),しつけ/ペットホテル/トリミング,https://www.nagasaki-dogkunren.com/,,○,cielo.luce.2@icloud.com,×,長崎市｜ページ下部にメール掲載、フォームなし(電話095-856-6311)
179,追加1,熊本,ドッグサロンミラ,トリミング/ペットホテル,https://dogsalon-mira.com/,,×,,×,熊本市(新屋敷本店・光の森店)｜予約・問い合わせは電話のみ(096-201-4090)
180,追加1,大分,ONE'S COOL(わんずくーる),ドッグ保育園/デイケア/ホテル,https://www.onescool.com/,,○,contact@onescool.com,×,別府市石垣西｜問い合わせ用メール掲載(24時間受付)、Webフォームなし
181,追加1,宮崎,Dogsalon&Hotel とろろ,トリミング/ペットホテル/室内ドッグラン,https://petsalontororo.com/,,×,,×,宮崎市広島｜予約はLINE中心、電話0985-88-1066、フォーム・メールなし
182,追加1,宮崎,にゃんこの手,ペットホテル(ケージレス),https://nyankonote.com/,,○,toiawase@nyankonote.com,○,宮崎市(宮崎空港近く)｜会社情報欄にメール掲載、/nyawp/toiawase/に問い合わせフォーム
183,追加1,鹿児島,DOG REST,託児/デイケア/ペットホテル/トリミング,https://dogrest-kagoshima.com/,,×,,×,鹿児島市下荒田｜/contactとも入力欄なし、電話・LINEのみ
184,追加1,沖縄,Pet Watch ペットウォッチ沖縄,保育園/デイケア/ホテル/トリミング(ケージレス),https://pet-watch.org/,,×,,×,沖縄市｜/contactusに入力欄なし、電話のみ(098-989-0559)
185,追加1,沖縄,Happy dog(ハッピードッグ),保育園/デイケア/ホテル/トリミング/しつけ,https://www.okinawa-happy-dog.com/,,×,,○,うるま市｜/contactに名前/メール/電話/問い合わせ内容のフォーム(トリミング等はLINE誘導)
186,追加1,沖縄,ワンニャンじゃんぐる,トリミング/ペットホテル,https://www.12jungle.co.jp/,,×,,○,那覇市具志｜/contactに名前/メール/電話/内容のフォーム(ホテル等は外部予約/LINE)
187,追加2,北海道,ベリードッグ,トリミング/ペットホテル,https://www.berydog.com/,,×,,×,函館市戸倉町148-3｜電話(0138-36-3386)のみ、フォーム・メールなし
188,追加2,北海道,Dog Salon inugoya,トリミング(古民家ドッグサロン),https://www.dogsalon-inugoya.com/,,×,,○,函館市青柳町｜/contactにフォーム、Web予約は外部(petlife.asia)
189,追加2,北海道,Going Merry,トリミング/ペットホテル/ドッグカフェ,https://going-merry.jp/,,×,,×,旭川市西神楽1線5号67-46｜電話(080-3265-4922他)/LINE/SNS誘導のみ
190,追加2,北海道,KODY(コディ),トリミングサロン,https://pet-kody.com/,,×,,×,旭川市神居2条17丁目1-11ほか｜電話(080-4507-8996)のみ
191,追加2,北海道,Dog Tiara(ドッグティアラ),トリミング/ペットサロン,https://dog-tiara.net/,,×,,×,旭川市10条通14丁目24-102｜電話予約のみ(090-1303-3717)
192,追加2,北海道,ペットサロンWave,トリミング/ペットホテル,https://obihiro-petsalon-wave.jimdofree.com/,,×,,×,帯広市西13条南16丁目1-4｜Instagram DM/電話(0155-27-0208)のみ
193,追加2,北海道,ペットサロン LOU LOU(ルル),トリミング/ペットサロン,https://loulou1.jp/,,不明,,不明,苫小牧市｜JS描画で本文取得不可、/contact等404、複数回試行も確認できず
194,追加2,北海道,Dog Salon Bond,トリミング/シャンプー/ホテル,https://dog-salon-bond.com/,,×,,○,苫小牧市拓勇西町6丁目27-25｜/contactフォーム、別途/reserve、電話0144-84-6404
195,追加2,青森,ペットサロン わんくぅ,トリミング/グルーミング,https://wankuu.net/,,×,,○,八戸市下長2丁目3-31｜contact.htmlにフォーム
196,追加2,岩手,シルバードッグ,トリミング/ペットホテル,https://www.silverdog.jp/,,×,,○,盛岡市本町通1-4-23｜/contactフォーム、電話019-601-9068
197,追加2,岩手,PAPA de GIGI(盛岡菜園店),トリミングペットサロン,https://www.papadegigi.com/,,○,papadegigi@snow.ocn.ne.jp,○,盛岡市菜園1丁目1-4｜フッターmailto公開、/contactに業者向けフォーム(一般予約はLINE/電話)
198,追加2,岩手,Dog Salon moimoi,ドッグサロン(トリミング専門),https://www.moimoidog.com/,,○,contact@moimoidog.com,×,盛岡市三ツ割1丁目9-8｜フッターにメール公開、予約は電話(019-656-1332)誘導
199,追加2,秋田,DogSalon CIEL(シエル),ドッグサロン(大型犬対応),https://cielsalon-dog.net/,,×,,○,秋田市新屋扇町9-27｜page08.aspxの予約フォーム(asp系予約システム)
200,追加2,秋田,Woo Drops(ウードロップス),トリミング/一時預かり,https://woo-drops.com/,,×,,○,秋田市広面字長沼312｜トップに予約フォーム、別途/inquiry、LINE予約
201,追加2,山形,ペット美容室ローディー,トリミング/ペット美容室,https://www.roadie-yamagata.com/,,×,,×,山形市南館5丁目2-20｜予約は電話優先(023-645-7082)、フォーム・メールなし
202,追加2,福島,Dog salon NICO,小型中型犬専門トリミング,https://nico-dog.jp/,,×,,○,郡山市富田東6-43｜トップに予約フォーム、/contact、電話090-1069-0374
203,追加2,福島,グルーミングサロンYUMI,犬専門トリミング,https://www.yumir4300.com/,,×,,○,郡山市開成6丁目151｜/contact/フォーム、電話024-938-4300
204,追加2,福島,おうちDOGサロン リン,トリミング/ペットホテル/ドッグパーク,https://ouchidogsalon-rin.com/,,×,,×,郡山市大槻町字針生西7-6｜予約は電話(080-5224-3279)・LINE・Instagram誘導
205,追加2,福島,Pomme d'Adam(ポムダダン),トリミング/ドッグフォトスタジオ,https://pomme-d-adam.com/,,○,info@pomme-d-adam.com,×,福島市陣場町6-14｜ACCESSにメール公開、予約はLINE中心で入力フォームなし
206,追加2,福島,ティンカーベル.JP,トリミング/ペットホテル/老犬ホーム,https://www.t-bell.jp/,,○,info@t-bell.jp,○,会津若松市行仁町7-22｜トップにメール、/contactに名前/メール/電話/内容の入力フォーム
207,追加2,東京,Dog Place Oasis,トリミングサロン,https://dogplace-oasis.jp/,,○,info@dogplace-oasis.jp,×,立川市(西立川駅徒歩2分)｜媒体向けメール記載、/contact404、予約は電話042-526-3925
208,追加2,東京,トリミングサロン 犬喜庵(けんきあん),トリミングサロン(移動・出張型),https://kenkian.com/,,×,,○,立川市柏町4-44-28｜/contact/に名前/電話/メール/住所/犬種/内容の入力フォーム
209,追加2,神奈川,トリミングサロン ドッグチョイス,トリミングサロン,https://dog-choice.com/,,×,,○,茅ヶ崎市中島1206｜/contactに名前/電話/メール/内容の入力フォーム(公開メールなし)
210,追加2,千葉,SNOOP,ペットサロン(トリミング・ホテル),https://petsalon-snoop.com/,,×,,○,船橋市習志野台1-11-4｜/contact/に氏名/メール/電話/住所/本文の入力フォーム
211,追加2,千葉,犬の美容室 COWAN,トリミングサロン,https://www.cowan.jp/,,×,,○,松戸市大金平5-392-2｜WEB予約は外部システム(step.petlife.asia)、電話・LINEも
212,追加2,埼玉,ラブドッグス(Love Dogs),トリミングサロン,https://lovedogs.co.jp/,,×,,×,さいたま市大宮区土手町3-101｜連絡はLINE・電話048-643-1500・Instagramのみ
213,追加2,埼玉,ドッグサロン ふわふわ,ドッグサロン(トリミング・ホテル),https://www.dogfuwafuwa.com/,,×,,○,狭山市柏原827-1｜form.htmlに名前/フリガナ/住所/電話/内容の入力フォーム
214,追加2,埼玉,ペットサロンハニー 川越本店,トリミングサロン,https://petsalon-honey.com/kawagoe/,,×,,○,川越市的場1-26-5｜ネット予約は外部システム(salon-de-one.com)、電話049-233-6996
215,追加2,埼玉,ZUTTO DOG(ズットドッグ),犬の幼稚園/ホテル/トリミング,https://zuttodog.jp/,,×,,○,桶川・上尾・北本・伊奈町｜/contact/に名前/メール/住所/電話/犬種/内容の入力フォーム
216,追加2,埼玉,深谷ドッグスクール育わん幼稚園,ドッグスクール/犬の幼稚園,https://www.fukaya-dogschool.com/,,×,,×,深谷市武蔵野2283-3｜/contactはフォーム無し、電話080-4797-8474とLINEのみ
217,追加2,茨城,dog care salon CALME,トリミングサロン,https://calme-dog.com/,,×,,×,つくば市島名891-1｜予約・問い合わせはLINEと電話029-828-6868のみ
218,追加2,茨城,Dog Salon ONE-U,トリミングサロン,https://one-u.dog/,,×,,不明,つくば市みどりの2-17-4｜/contactはネット予約・LINE・電話案内のみで入力欄を確認できず(新規予約一時停止)
219,追加2,茨城,トリミングサロン カリフォルニアドッグ,トリミングサロン,https://www.caldog.co.jp/,,○,info@caldog.co.jp,×,つくば市学園の森3-29-6｜mailto公開、完全予約制でWEB予約は外部(bg3.power-k.jp)、入力フォームなし
220,追加2,茨城,ファミリードッグ,トリミングサロン(ホテル併設),https://family-dog-mitosi.com/,,×,,×,水戸市石川1-3797-4｜相談・予約はLINEと電話029-252-0055のみ
221,追加2,茨城,DogSalon FLOCHE,トリミングサロン,https://dog-floche.com/,,×,,×,水戸市平須町2053-5｜予約はLINEと電話029-291-6838のみ
222,追加2,栃木,Dog One(ドッグワン),トリミングサロン,https://dog-one.jp/,,×,,×,宇都宮市鶴田町2185-18｜予約は電話028-307-3415優先、LINE・SNSのみ
223,追加2,栃木,ドッグサロン fugafuga,トリミングサロン,https://fuga-fuga.com/,,×,,×,宇都宮市｜/contactは「お問い合わせはお電話で」、入力フォーム無し、電話028-611-1555
224,追加2,栃木,DogSalon AZAZ,ドッグサロン,https://dogsalon-azaz.com/,,×,,○,宇都宮市下田原町｜予約フォームは外部システム(step.petlife.asia)で入力式
225,追加2,栃木,Dog Style Growth,トリミングサロン,https://www.dog-style-growth.com/,,×,,×,宇都宮市御幸ケ原町143-17｜電話080-2287-0823、予約は外部(petlife.asia)とLINE
226,追加2,群馬,トリミングサロンPuPuLa,トリミングサロン/ペットホテル,https://pupula.pink/,,×,,×,前橋市下佐鳥町｜電話(027-265-0602等)とLINE、外部予約(itsuaki.com)
227,追加2,群馬,トリミングサロンHappiness,トリミングサロン,https://tsaron-happiness.com/,,×,,○,前橋市上大屋町327-33｜/contact/にフォーム(reCAPTCHA)、別途外部予約システム
228,追加2,愛知,N.more(エヌ・モア),ドッグサロン・トリミング,https://n-more-dogsalon.com/,,×,,×,豊田市小川町1丁目3-3｜完全予約制で電話0565-32-9575のみ
229,追加2,愛知,dog salon tsumugi(ツムギ),ドッグサロン・トリミング/ペットホテル,https://tsumugi-dogsalon.com/,,×,,×,岡崎市竜泉寺町東柄栗19｜/contactはInstagram・LINE・電話090-1783-2690誘導のみ
230,追加2,愛知,ドッグ&キャット アディー・,トリミングサロン/ペットホテル,https://addypet.com/,,×,,○,一宮市奥町神田11-3｜お問い合わせフォーム(page_id=5496)、電話0586-61-7667
231,追加2,愛知,ドッグサロン・ベルーガ,ドッグサロン(トリミング&犬の整体),https://dog-beluga.com/,,○,minatominato@nifty.com,×,豊橋市南大清水町富士見366-3｜トップにメール明記、電話0532-25-3220、入力フォームなし
232,追加2,愛知,トリミングサロンglaffy(ぐらっふぃ),トリミングサロン,https://glaffy.com/,,×,,○,豊川市蔵子5丁目13-50｜予約・お問い合わせフォーム(page_id=109)
233,追加2,愛知,Paw Dog(パウドッグ),犬の幼稚園,https://www.pawdog-k.com/,,×,,○,刈谷市銀座4丁目78-2｜/form.htmlにフォーム(CAPTCHA)、予約は外部Coubic
234,追加2,静岡,わんわん美容室,トリミングサロン/ペットホテル,https://www.wanwan-pet.jp/,,×,,○,浜松市中央区舘山寺町2047-5｜トップが/contact/を「メールフォーム」と明記(contactは403)
235,追加2,静岡,トリミングサロン DISA,トリミングサロン/ペットホテル,https://www.trimmingdisa.com/,,×,,○,静岡市葵区唐瀬｜/contactフォーム、Web予約は外部(yoyaku-beauty.jp)、LINEも
236,追加2,静岡,Salon Wan(サロンワン),トリミングサロン/ペットホテル,https://salon-wan.com/,,×,,×,静岡市駿河区栗原8-11｜電話054-262-4820のみ
237,追加2,静岡,ドッグサロンIvy(アイビー),ドッグサロン(トリミング専門),https://dogsalon-ivy.com/,,×,,×,富士市錦町1丁目14-27｜連絡先表示のみで入力フォームなし、電話0545-32-8670
238,追加2,山梨,ペットサロン テディーハウス,ペットサロン(トリミング/ホテル/ドッグラン),https://teddyhouse.jp/,,×,,×,甲斐市西八幡672｜予約・お問合せは電話055-233-5621のみ
239,追加2,山梨,イシハラドッグサロン甲府本店,トリミングサロン/ペットホテル,https://ishiharadogsalon.com/,,×,,×,甲府市平和通り｜問い合わせは電話・LINE誘導のみ、入力フォームなし
240,追加2,長野,Dogsalon mania(ドッグサロン マニア),トリミングサロン,https://dogsalon-mania.com/,,×,,×,松本市梓川倭3207-3｜/inquiryに「お問い合わせは電話のみ」と明記、電話0263-78-6464
241,追加2,長野,ドッグサロン ONE SmiLE,トリミングサロン(ドッグホテル併設),https://www.one-smile.biz/,,×,,○,長野市三輪8-32-20｜/contact.htmlに名前/電話/E-mail/内容の入力フォーム、電話026-232-1008
242,追加2,新潟,Dogsalon KUU,トリミングサロン(小型犬専用),https://kuukuu.biz/,,×,,○,上越市｜/contactに氏名/メール/電話/犬種/本文/サービス選択の入力フォーム、LINEも
243,追加2,新潟,Dog Salon Le'a(レア),トリミングサロン(小型〜中型犬),https://dogsalon-lea-nagaoka.com/,,×,,×,長岡市泉1-6-23｜予約はLINE・Instagram DM・電話070-9201-8646のみ
244,追加2,富山,犬の美容室 チェリッシュ(CHERISH),トリミング/ドッグサロン(ホテル併設),https://www.cherish-dog.com/,,○,cherish-dog@outlook.jp,○,富山市堀川本郷15-157｜/blank-3にフォーム+メール記載、予約は外部カレンダー
245,追加2,富山,Doggy Paradise(ドギーパラダイス),トリミング/ペットホテル/ドッグカフェ,https://www.doggyparadise2020.com/,,×,,○,富山市布瀬町南2-10-8｜/contactにフォーム、トリミング予約は外部(petlife.asia)
246,追加2,石川,dogsalon Colche(コルチェ),トリミングサロン(小型犬専門),https://www.colchedog.com/,,×,,不明,金沢市南新保町ハ36-3｜「専用フォームより承る」と記載あるがフォームURL不明、連絡は電話/LINE/Instagram
247,追加2,石川,ペッテルかなざわ(PETTEL KANAZAWA),トリミングサロン/ペットホテル(犬猫専門),https://pettel-k.com/,,×,,×,金沢市西念3丁目14番3号｜電話・FAX(076-222-0021)とInstagramのみ
248,追加2,福井,トリミングサロン bubble,トリミングサロン(犬専門・ミニドッグラン併設),https://trimmingsalon-bubble.com/,,×,,×,福井市中野1丁目1410｜予約は電話・LINE・Instagram DMのみ
249,追加2,岐阜,Fuwalier(フワリエ),トリミング・ドッグサロン,https://fuwalier-dog.com/,,×,,×,岐阜市柳津町北塚2丁目117｜外部ネット予約(tol-app)・LINE・電話、ページ内フォーム無し
250,追加2,岐阜,DOG.OASIS.コロン,トリミングサロン/ペットホテル(ドッグラン併設),https://dogsalon-koron.com/,,×,,○,岐阜市本郷町｜/inquiry/に名前/メール/電話/内容の入力フォーム
251,追加2,三重,mof.dog design(モフドッグ デザイン),ドッグサロン(トリミング),https://www.mof-dogdesign.jp/,,×,,○,四日市市東新町13-2-2｜/contactにフォーム、WEB予約は外部(petlife.asia)
252,追加2,三重,Dog salon WAAN(ドッグサロンワーン),トリミングサロン,https://www.dogsalon-waan.com/,,×,,○,四日市市浜田町9-10｜/contactにフォーム、WEB予約は準備中で電話案内
253,追加2,大阪,pet salon TRUST,トリミング/ペットホテル,https://www.petsalon-trust.com/,,×,,×,大阪市西区北堀江｜予約はLINE/電話/Instagram、フォーム・メールなし
254,追加2,大阪,Dog salon Calla lily(カラー),トリミング,https://www.dogsalon-calla.com/,,×,,×,大阪市住之江区中加賀屋｜外部WEB予約(petlife.asia)・電話、ページ内フォームなし
255,追加2,大阪,pet salon Dearest,トリミング/ペットショップ,https://www.petsalondearest.com/,,×,,○,大阪市西区北堀江｜/contact/にフォーム、予約は外部(petlife.asia)/LINE
256,追加2,大阪,DOG SALON Muu,トリミング,https://www.dogsalon-muu.jp/,,不明,,不明,堺市堺区二条通｜www/非www・https複数回試行も503/500/timeoutで開けず
257,追加2,大阪,トリミングハウス OHANA,ドッグサロン/トリミング,https://ohana-dog.com/,,×,,×,堺市北区新金岡｜予約・問い合わせは電話(072-275-5087)・LINEのみ
258,追加2,大阪,ドッグサロンひだまり,トリミング/一時預かり,https://www.dogsalon-hidamari.com/,,×,,○,豊中市長興寺北｜/contactにフォーム、予約は外部WEB/LINE
259,追加2,大阪,わん子ん家 天王寺てんしば店,犬の幼稚園/しつけ/ペットホテル,https://wankonchi.jp/school/school-info/tenshiba/,,×,,○,大阪市天王寺区｜/school/contact/に内容種別/希望校/名前/メール/電話/本文の入力フォーム
260,追加2,大阪,犬のほいくえん Pee-Ka-Boo,ドッグ保育園/預かり,https://www.pee-ka-boo.net/,,○,info@pee-ka-boo.net,×,大阪市(九条店/玉造店)｜トップにメール2箇所記載、予約はLINE/電話で入力フォームなし
261,追加2,大阪,smart-dog,ドッグ幼稚園/しつけ,https://smart-dog.net/,,○,smartdog0629@gmail.com,○,大阪市平野区平野北｜/inquiryform/にフォーム+メール明記
262,追加2,京都,shuclia(シュークリア),トリミング/ペットケア,https://shuclia.com/,,×,,×,亀岡市追分町｜問い合わせフォーム/メール/Contactリンクとも見当たらず
263,追加2,京都,ドッグサロンなごみ,トリミング/ペットホテル,https://www.dog-salon-nagomi.com/,,×,,○,京都市伏見区(向日・長岡京送迎)｜/contactに名前/メール/電話/内容の入力フォーム、電話075-202-9976
264,追加2,京都,DOG SALON 京都ドッグス,トリミング,https://kyoto-dogs.com/,,×,,○,京都市左京区｜WEB仮予約システム・LINE予約・電話0120-051-382(外部予約フォーム)
265,追加2,兵庫,Dog Salon ICHI,トリミング/ペットホテル,https://dogsalon-ichi.jp/,,×,,○,姫路市広畑区｜/contactに名前/メール(確認含む)/内容の入力フォーム
266,追加2,兵庫,ドッグサロンViVi,トリミング/ペットホテル,https://dogsalon-vivi.com/,,×,,○,姫路市勝原区｜/contactに問い合わせフォーム、電話079-274-2203、LINE予約も
267,追加2,兵庫,NINE BASE(ナインベース),トリミング/エステ/ペットホテル,https://www.dogdesign-ninebase.com/,,×,,×,姫路市飾磨区｜電話079-238-3767・LINE・Instagramのみ、入力フォーム無
268,追加2,兵庫,ドッグサロンmana*,トリミング/ペットホテル,https://dogsalon-mana.com/,,×,,×,明石市(神戸市含む)｜mail.htmlは「メールフォーム一時休止中」、電話078-914-6628のみ
269,追加2,兵庫,ドッグサロン ワンズライフ,トリミング,https://wans-life.com/,,×,,×,明石市小久保｜電話/FAX 078-962-5125のみ、問い合わせ/予約リンクもフォームも無
270,追加2,兵庫,いぬまるドッグサロン,ドッグサロン/トリミング,https://inumaru-dog-salon.com/,,×,,○,明石市大久保町｜/contactに名前/メール/電話/本文の入力フォーム、電話080-3845-1156/LINE
271,追加2,兵庫,Dog salon cocode,トリミング,https://dog-cocode.com/,,×,,×,明石市野々上(西明石)｜電話078-945-5072のみ(予約優先)、入力フォーム無
272,追加2,滋賀,DOG SALON REVE(レーヴ),トリミング/ペットサロン,https://dog-reve.jp/,,×,,×,草津市下笠町(栗東対応)｜電話077-568-8120・Instagramのみ、問い合わせフォーム無
273,追加2,滋賀,Dog Salon Lavandula,トリミング,https://www.dogsalonlavandula.com/,,×,,○,大津市石山寺｜/contactに入力フォーム、LINE予約も
274,追加2,奈良,Dog Salon ONE WAN,トリミング,https://www.dogsalon-onewan.com/,,×,,×,生駒郡(法隆寺駅近く)｜電話090-3948-3085・LINE予約のみ、入力フォーム無
275,追加2,奈良,わんだふる,トリミング,https://www.trimmingsalon-wonderful.com/,,×,,○,香芝市良福寺｜WEB予約フォーム(外部:petlife.asia)と/contactリンク、電話080-3798-1101
276,追加2,和歌山,DOG SALON POCHI,トリミング/預かり,https://pochiwakayama.jimdofree.com/,,不明,,不明,和歌山市西庄｜メールはCloudflare保護で実アドレス不可視、電話073-419-0019、フォーム有無も確認不可
277,追加2,岡山,pet salon MOJOKA,トリミングサロン(犬猫),https://www.petsalon-mojoka.com/,,×,,×,岡山市中区浜2-9-18｜電話070-9095-8201・LINE予約のみ、/contactも案内のみ
278,追加2,岡山,BEAU MONDE(ボーモンド),ドッグサロン/トリミング/ホテル,https://www.beaumonde.co.jp/,,×,,×,倉敷市笹沖362-53｜電話086-427-1500のみ、入力フォーム無
279,追加2,岡山,Dogsalon&Cafe PawPads,トリミングサロン/カフェ,https://dog-salon-pawpads.com/,,×,,○,岡山市北区西長瀬1210-1｜Web予約フォーム(外部:Coubic)、電話086-280-9656/Instagram
280,追加2,広島,ドッグサロン Petit,トリミングサロン,https://www.dogsalon-petit.com/,,×,,不明,福山市沼隈町草深2013-2｜/contactリンクあるが500/503/timeoutで開けずフォーム内容未確認
281,追加2,広島,Dog Salon TRIANGLE,トリミングサロン,https://dogsalon-triangle.com/,,×,,○,福山市明神町1-8-26｜/contactに名前/メール/住所/電話/本文の入力フォーム、電話084-991-3165
282,追加2,広島,ペットの美容室 BiBi,ドッグサロン/トリミング,https://pet-bibi.com/,,○,reserve@pet-bibi.com,○,広島市南区上東雲町9-25｜/contact/にフォーム(CAPTCHA)+mailto掲載、別途予約システム
283,追加2,広島,ペット美容室 SARY,ペット美容室/トリミング,https://pet-sary.com/,,×,,○,広島市西区庚午南｜新規予約フォーム(sary.pos-s.net/reserve/)、電話/LINEも
284,追加2,広島,Dog salon Lien(リアン),トリミングサロン,https://lien-kure.com/,,×,,×,呉市焼山中央1-5-2｜予約・問い合わせはLINEと電話のみ
285,追加2,広島,出張トリミングカー ドッグサロンあかり,出張トリミング,https://dogsalon-akari.com/,,×,,×,呉市・東広島市・熊野町ほか｜連絡はLINE予約と電話のみ
286,追加2,鳥取,dog&cat MONTA(モンタ),ペットサロン/トリミング,http://dc-monta.com/,,不明,,不明,鳥取市興南町｜http/https/www全てECONNREFUSEDで接続不可
287,追加2,鳥取,ドッグサロンポワ,ドッグサロン/トリミング,http://dogsalonpoir.jp/,,不明,,不明,鳥取市立川町5-51-16｜http/https/www全て503で開けず
288,追加2,島根,ペットサロン リボン,ペットサロン/トリミング/ホテル,https://www.petsalon-ribbon.jp/,,×,,×,松江市西津田3-13-22｜電話(0852-26-7313)とFacebookのみ
289,追加2,山口,ドッグサロンバウ,トリミングサロン,https://dogsalonbow.com/,,○,dogsalonbow@gmail.com,×,山口市朝田352-13｜お問合せページにmailto掲載、フォームはなくLINE/メール/電話誘導
290,追加2,徳島,Pet House わん's,ペットホテル&トリミングサロン,https://www.pethouse-wans.com/,,×,,○,徳島市城東町2-2-3｜contact.phpにメールフォーム(完全予約制)
291,追加2,徳島,愛犬サロン&愛犬ホテル ラブペティ,ドッグサロン&ペットホテル,https://www.love-pety.com/,,×,,×,徳島市応神町吉成字前須20-5｜電話(088-678-8123)のみ、フォーム・メールなし
292,追加2,香川,dog salon CLANTE,トリミングサロン,https://www.clantedogsalon2020.com/,,×,,○,高松市今里町393-2｜/contactに名前/メール/電話/内容の入力フォーム(全必須)
293,追加2,香川,ペットサロン&ミニドッグランWOM 高松檀紙店,ドッグサロン/ドッグラン,https://www.wom-dogsalon.com/,,×,,○,高松市檀紙町765-1｜予約は外部予約カレンダー(book-online)、問い合わせは電話/LINE/Instagram
294,追加2,高知,AMERICAN DOG(アメリカンドッグ),トリミング/グルーミング/ペットホテル,https://americandog.jp/,,×,,×,高知市本町3-2-48｜電話(080-2556-3102)のみ、フォーム・メールなし
295,追加2,高知,ドッグアンドシー,ドッグラン&トリミングサロン/ホテル,https://dog-and-sea.com/,,○,wanwan@dog-and-sea.com,○,高知市春野町弘岡下2655-7｜フッターにメール掲載、/inquery/に名前/メール/題名/本文の入力フォーム
296,追加2,福岡,ピコワンワンショップ,トリミング/ペットホテル,https://www.picowanwan.co.jp/,,×,,○,北九州市小倉南区守恒本町｜トップにWeb予約フォーム(EPARK petlife)、問い合わせページは404
297,追加2,福岡,ペットサロン Dspace,トリミング/ペットホテル/デイケア,https://www.dspace-kokura.com/,,×,,○,北九州市小倉南区｜contact.phpに入力欄付き問い合わせ/予約フォーム
298,追加2,福岡,グルーミングサロン オラージュ,ペット美容室/ペットホテル,https://orage8.xyz/,,×,,×,北九州市小倉北区赤坂本町2-7-9｜contact.htmlはLINE/電話誘導のみ、予約は外部E-PARK
299,追加2,福岡,Pet salon Ammy(アミイ),トリミングサロン,https://www.petsalon-ammy.com/,,×,,○,北九州市八幡西区陣原5-2-8｜/contactに名前/メール/電話/内容のフォーム(新規予約は電話のみ)
300,追加2,福岡,ドッグアカデミーPePeDOG,犬の保育園/しつけ/グルーミング,https://pepedog.net/,,×,,○,北九州市若松区塩屋2-1-11｜/contact/に用件/名前/住所/電話/メール/ペット情報/内容のフォーム
301,追加2,福岡,BULL STAR,トリミングサロン/ホテル,https://bullstar.jp/,,×,,○,久留米市荒木町｜/contact/に名前/メール/電話/犬種/問合せ内容のフォーム、TEL080-9100-2607
302,追加2,福岡,どっぐぱーる,トリミングサロン,https://www.dog-pearl.com/,,×,,○,久留米市津福本町｜/contactにフォーム、Web予約(petlife.asia)、TEL0942-33-3935
303,追加2,熊本,ペットラウンジ le chien(ルシアン),トリミング/ペットホテル/老犬ホーム,https://www.petlounge-lechien.com/,,×,,○,熊本市西区松尾2-3-15｜contact.phpにフォーム(メール問い合わせは停止明記)、LINE/TEL案内
304,追加2,大分,トリミングサロン Licotta,トリミングサロン,https://www.trimming-licotta.com/,,×,,○,大分市岩田町2-20-16｜/contactにフォーム、Web予約(petlife.asia)、TEL097-552-6845
305,追加2,大分,FLUFFY+(フラッフィープラス),ドッグサロン/プレイルーム/ホテル,https://www.fluffy-plus.com/,,×,,○,大分市上宗方｜/contactに名前/メール/電話/問合せ内容のフォーム、TEL090-7580-6850
306,追加2,大分,ドッグサロン ミュウ,トリミングサロン/ペットホテル,https://www.dogsalonmiu.com/,,×,,×,大分市王子南町1-31｜トップに電話番号のみ、専用問合せページ・フォームなし
307,追加2,宮崎,ドッグサロン Wanna Relax(ワンリラ),トリミングサロン,https://www.wannarelax.jp/,,×,,○,宮崎市吉村町｜/contactに名前/メール/電話/問合せ内容のフォーム、Web予約(petlife.asia)、TEL0985-69-7751
308,追加2,宮崎,ドッグサロンLibra,犬の美容室,https://dogsalon-libra.com/,,×,,×,宮崎市｜電話(0985-89-2614)とLINE(QR)のみ、フォーム・問合せページなし
309,追加2,鹿児島,ドッグサロン エマ,トリミング/ホテル/室内ドッグラン,https://www.dogsalon-emma.jp/,,不明,,不明,鹿児島市池之上町1-1｜https/http・www有無・トップいずれも403で開けず
310,追加2,佐賀,ドッグサロン いぬばか,トリミングサロン/ペットホテル,https://inu-baka.com/,,×,,×,佐賀市｜/contactは「お問い合わせはお電話で」、LINE/Airリザーブ予約、TEL0952-65-3078
311,追加2,佐賀,犬の美容室 クララ,トリミングサロン/ペットホテル,http://www.petsalon-clara.com/,,×,,×,佐賀市川副町犬井道1190-2｜電話(090-8404-9608)のみ、完全予約制で電話のみ
312,追加2,佐賀,Dog Lovers,トリミングサロン,https://saga-doglovers.com/,,×,,○,小城市三日月町長神田787-4｜/contact/に名前/フリガナ/電話/住所/メール/問合せ内容のフォーム、TEL0952-60-2600
313,追加2,長崎,dog salon ナナイロ,トリミングサロン,https://dog-nanairo.com/,,×,,×,長崎市西海町1779-29｜LINE予約と電話(080-7833-0311)のみ、入力フォームなし
314,追加2,長崎,DOGBOX(ハウステンボス店),トリミング/ペットホテル/ドッグラン,https://www.dogbox.me/,,×,,×,佐世保市ハウステンボス｜各店電話番号とFacebookのみ、フォームなし
315,追加2,沖縄,ドッグサロン carone(カロネ),トリミングサロン/ペットホテル,https://www.dogsalon-carone.com/,,×,,○,那覇市三原3-18-23｜/contactに名前/メール/電話/問合せ内容のフォーム、Web予約(petlife.asia)、TEL098-851-7769
