営業No,連絡手段,メールアドレス,フォームURL,エリア,店舗名,業種,公式サイトURL,電話,フォーム備考,元リスト,元No,備考
1,メール+フォーム,pet@nunoclub.com,https://www.nunoclub.com/contact.html,東京,ヌーノクラブ,ホテル/サロン,https://www.nunoclub.com/,,確定(サイト内ページ),初回,17,中野区｜検証: contact.htmlに入力フォーム有、メールも記載
2,メール+フォーム,info@pet-joli.com,https://pet-joli.com/contact/,東京,Joli 神楽坂店,ホテル/トリミング,https://xn--joli-9o4csan6ll5nt234bdzzb3e4b.jp/,03-5579-2144,確定(別ドメイン明記),初回,23,新宿区山吹町｜検証: pet-joli.com/contact/にフォーム有、メールはプライバシー欄に記載
3,メール+フォーム,info@petsalon-chienne.com,https://www.petsalon-chienne.com/contact/,愛知,ペットサロン シエンヌ,トリミング/ホテル,https://www.petsalon-chienne.com/,,確定(サイト内パス),初回,45,名古屋市名東区｜検証: /contact/にフォーム有(氏名/メール/内容+CAPTCHA)、メールもテキスト公開、電話052-771-5866
4,メール+フォーム,trimmingsalon.MIMI@gmail.com / info@mimi-petsalon.sakura.ne.jp,https://mimi-petsalon.sakura.ne.jp/contact.html,愛知,mimiペットサロン,サロン,https://mimi-petsalon.sakura.ne.jp/,,確定(サイト内ページ),初回,51,名古屋市天白区｜検証: contact.htmlにメール公開、お問い合わせ・ご予約フォームへのリンク有
5,メール+フォーム,kunkun@pet-hoteltoinkyoto.com,https://pet-hoteltoinkyoto.com/pet-salon,京都,ペットサロンくんくん,サロン/ホテル,https://pet-hoteltoinkyoto.com/pet-salon,,トップページ上のフォーム/リンクから,初回,63,京都市/京都駅近く｜検証: トップに入力フォーム有(氏名/メール/予約・問合せ内容)、外部予約システムも
6,メール+フォーム,hanako@hanakonet.com,https://kobe.felice-pet.jp/contact.html,兵庫,神戸ペットホテル フェリーチェ,ホテル,https://kobe.felice-pet.jp/index2.html,,確定(サイト内ページ),初回,66,神戸市｜検証: contact.htmlにメール掲載、フォーム有(定期確認の旨記載)、電話・LINEも
7,メール+フォーム,info@petsalon-mint.com,https://petsalon-mint.com/contact/,兵庫,pet salon MINT,トリミング/ホテル,https://petsalon-mint.com/,,確定(サイト内パス),初回,70,神戸市垂水区｜検証: /contact/にフォーム有(氏名/メール/電話/住所/ペット種別/メニュー/内容)、トップにもメール掲載
8,メール+フォーム,kitanodogschool@gmail.com,https://kitanodog.com/contact,北海道,犬の幼稚園HappyDog,ドッグ幼稚園/しつけ,https://kitanodog.com/,,確定(サイト内パス),追加1,93,札幌市清田区・中央区｜/contactに入力フォーム、店舗共通メール公開
9,メール+フォーム,info@wanpro-dog.com,https://wanpro-dog.jp/contact/,青森,わんぷろ,ドッグ幼稚園/しつけ,https://wanpro-dog.jp/,,確定(サイト内パス),追加1,96,青森市本町｜フッターにmailto公開、/contact/に入力フォーム
10,メール+フォーム,onezugate0808@500-8107.com,https://onezugate.com/contact/,福島,one zu gate(ワンズゲート),トリミング/一時預かり/ドッグラン,https://onezugate.com/,,確定(サイト内パス),追加1,109,三春町(田村郡)｜mailto公開、/contact/に入力フォーム
11,メール+フォーム,info@mofandful-dognursery.com,https://mofandful-dognursery.com/,山梨,犬の保育園 Mof&Ful,犬の保育園/ドッグホテル/デイ預かり,https://mofandful-dognursery.com/,,トップページ上のフォーム/リンクから,追加1,129,甲府市下石田｜フッターにメール公開、お問い合わせページに入力フォーム
12,メール+フォーム,petsitter.ken.129@gmail.com,https://ken-129.com/contact,長野,ペットシッターKEN.129,犬の幼稚園/ペットホテル/トリミング/しつけ,https://ken-129.com/,,確定(サイト内パス),追加1,130,長野市松代｜メールをテキスト公開、/contactに入力フォーム
13,メール+フォーム,info@kenkohmura.jp,https://kenkohmura.jp/contact,新潟,犬幸村(けんこうむら),ドッグ幼稚園/トリミング/出張トレーニング,https://kenkohmura.jp/,,確定(サイト内パス),追加1,131,三条市・長岡市｜トップにメール記載、/contactにフォームへのリンク
14,メール+フォーム,@dogschool-tanaka.jp ドメイン,https://www.dogschool-tanaka.jp/contact/,三重,Dog Answer(ドッグアンサー),ドッグスクール/犬の幼稚園/ペットホテル/トリミング,https://www.dogschool-tanaka.jp/,,確定(サイト内パス),追加1,139,四日市市小杉平町｜/contact/に入力フォーム(完全アドレスは非表示)
15,メール+フォーム,lupicom.wan.wan@gmail.com,https://lupicom.com/,京都,るぴこむ わんこのお宿・幼稚園,ペットホテル/ドッグ幼稚園,https://lupicom.com/,,トップページ上のフォーム/リンクから,追加1,148,京都市中京区(京町家)｜フッターにmailto公開、予約・お問合せフォームあり
16,メール+フォーム,hello@dogidol.net,https://www.dogidol.net/enquiry,京都,DOGアイドル,ペット保育園/ペットホテル/トリミング,https://www.dogidol.net/,,推定(サイト内パス),追加1,150,京都市北区紫野｜フッターにメール、/enquiry問い合わせ・/booking予約フォーム
17,メール+フォーム,info@laster-hill.com,https://laster-hill.com/cms/pageask0.html,山口,Pet hotel Laster hill,ペットホテル,https://laster-hill.com/,,確定(サイト内パス),追加1,165,山口市小郡光が丘｜フッターにmailto公開、/cms/pageask0.htmlに入力フォーム
18,メール+フォーム,info@petcare-jewel.com,https://petcare-jewel.com/,徳島,ペットステーション ジュエル,犬の保育園/ペットホテル/介護,https://petcare-jewel.com/,,トップページ上のフォーム/リンクから,追加1,166,徳島市八万町｜トップにメール公開、お問い合わせフォームリンク(予約は外部)
19,メール+フォーム,co.dogschool@gmail.com,https://codogschool-pupguide.com/hotel/,香川,犬・幼稚園 Smart One,ドッグ幼稚園/ペットホテル,https://codogschool-pupguide.com/hotel/,,トップページ上のフォーム/リンクから,追加1,167,高松市木太町｜mailtoでメール公開、ホテル予約フォームあり、LINE相談も
20,メール+フォーム,info.mikka.doglife@gmail.com,https://mikka-dog.com/contact/,香川,MIKKAドッグライフ,ペットホテル(1日1組),https://mikka-dog.com/dog-hotel/,,確定(サイト内パス),追加1,168,高松市十川西町｜フッターにメール公開、/contact/に入力フォーム
21,メール+フォーム,seiwasoh0022@outlook.jp,https://www.seiwasoh.com/contact,高知,SEIWASOHドッグスクール,ドッグスクール/犬の保育園/ペットホテル,https://www.seiwasoh.com/,,確定(サイト内パス),追加1,172,高知市仁井田｜/contactに入力フォーム、メールはプライバシーポリシー欄に記載
22,メール+フォーム,toiawase@nyankonote.com,https://nyankonote.com/nyawp/toiawase/,宮崎,にゃんこの手,ペットホテル(ケージレス),https://nyankonote.com/,,確定(サイト内パス),追加1,182,宮崎市(宮崎空港近く)｜会社情報欄にメール掲載、/nyawp/toiawase/に問い合わせフォーム
23,メール+フォーム,papadegigi@snow.ocn.ne.jp,https://www.papadegigi.com/contact,岩手,PAPA de GIGI(盛岡菜園店),トリミングペットサロン,https://www.papadegigi.com/,,確定(サイト内パス),追加2,197,盛岡市菜園1丁目1-4｜フッターmailto公開、/contactに業者向けフォーム(一般予約はLINE/電話)
24,メール+フォーム,info@t-bell.jp,https://www.t-bell.jp/contact,福島,ティンカーベル.JP,トリミング/ペットホテル/老犬ホーム,https://www.t-bell.jp/,,確定(サイト内パス),追加2,206,会津若松市行仁町7-22｜トップにメール、/contactに名前/メール/電話/内容の入力フォーム
25,メール+フォーム,cherish-dog@outlook.jp,https://www.cherish-dog.com/blank-3,富山,犬の美容室 チェリッシュ(CHERISH),トリミング/ドッグサロン(ホテル併設),https://www.cherish-dog.com/,,確定(サイト内パス),追加2,244,富山市堀川本郷15-157｜/blank-3にフォーム+メール記載、予約は外部カレンダー
26,メール+フォーム,smartdog0629@gmail.com,https://smart-dog.net/inquiryform/,大阪,smart-dog,ドッグ幼稚園/しつけ,https://smart-dog.net/,,確定(サイト内パス),追加2,261,大阪市平野区平野北｜/inquiryform/にフォーム+メール明記
27,メール+フォーム,reserve@pet-bibi.com,https://pet-bibi.com/contact/,広島,ペットの美容室 BiBi,ドッグサロン/トリミング,https://pet-bibi.com/,,確定(サイト内パス),追加2,282,広島市南区上東雲町9-25｜/contact/にフォーム(CAPTCHA)+mailto掲載、別途予約システム
28,メール+フォーム,wanwan@dog-and-sea.com,https://dog-and-sea.com/inquery/,高知,ドッグアンドシー,ドッグラン&トリミングサロン/ホテル,https://dog-and-sea.com/,,確定(サイト内パス),追加2,295,高知市春野町弘岡下2655-7｜フッターにメール掲載、/inquery/に名前/メール/題名/本文の入力フォーム
29,メール,apcwanwan@outlook.jp,,北海道,旭ヶ丘ペットクラブ,トリミング/ホテル,https://www.apc-wanwan.com/,,（フォームなし／メールのみ）,初回,5,札幌市中央区｜検証: mailtoでメール公開、対応は電話/LINE/メール、入力フォームは無し
30,メール,info@wanya.pet,,長野,18 Wanya(ワンや),サロン/ホテル,https://wanya.pet/,,（フォームなし／メールのみ）,初回,41,茅野市｜検証: mailtoリンク有、入力フォームは無し、電話0266-55-7135
31,メール,smilepetcare311@zd6.so-net.ne.jp,,大阪,すまいるペットケア,トリミング/ホテル,https://smilepet.p-kit.com/,072-238-2666,（フォームなし／メールのみ）,初回,55,堺市堺区｜検証: contactページにメール公開、入力フォームは無くメール送信案内、電話072-238-2666
32,メール,papiroko.saya@icloud.com (検索情報),,大阪,ペットホテル・トリミングtriangle,ホテル/トリミング,https://petsitterhoteltriangle.amebaownd.com/,,（フォームなし／メールのみ）,初回,57,大阪｜検証(再): Ameba Ownd実ページは404で取得不可。外部店舗情報(検索)で「24時間メール受付」とメール掲載、問い合わせは電話090-3719-3677/Instagram中心でフォーム記載なし。※実ページ未確認のため検索情報
33,メール,tabby.14118@i.softbank.jp,,熊本,ペットサロンタビー,トリミング/ホテル,https://www.petsalon-tabby.com/,,（フォームなし／メールのみ）,初回,88,熊本市東区｜検証: infomationページにメール記載、入力フォームは無く電話/メール/予約制
34,メール,info@sweetdog.info,,山形,すい〜とどっぐ,トリミング/ペットホテル/ドッグラン,https://www.sweetdog.info/,,（フォームなし／メールのみ）,追加1,103,山辺町｜メール公開、予約は外部システム(petlife.asia)
35,メール,info@lovewoof.co.jp 他,,東京,dog studio LOVE WOOF!!,ペットホテル/ドッグ幼稚園/トリミング,https://lovewoof.co.jp/hotel.html,,（フォームなし／メールのみ）,追加1,113,新宿区・文京区・品川区・中央区｜各店mailto公開、入力フォームは未確認(予約は電話/メール誘導)
36,メール,yuka.crea0714@gmail.com,,神奈川,犬の保育園 ほめほめホーム,犬の保育園/ドッグデイケア,https://homehomehome.jp.net/,,（フォームなし／メールのみ）,追加1,118,横浜市泉区｜フォーム不具合中につき現在メール対応、mailto公開
37,メール,info@pooches.jp,,愛知,Pooches(プーチーズ),犬のデイケア/ドッグホテル/しつけ/犬の学校,https://pooches.jp/,,（フォームなし／メールのみ）,追加1,133,名古屋市緑区・守山区｜/contactにアドレスをアット表記で公開、フォームはスパム対策で停止中
38,メール,pawkydog@yahoo.co.jp,,和歌山,ツチヤドッグスクール,ドッグ幼稚園/一時預かり/ドッグスクール,https://www.eonet.ne.jp/~ttdog/,,（フォームなし／メールのみ）,追加1,157,和歌山市六十谷｜トップにmailtoでメール公開、入力フォームはなし
39,メール,cielo.luce.2@icloud.com,,長崎,長崎企画(犬訓練所),しつけ/ペットホテル/トリミング,https://www.nagasaki-dogkunren.com/,,（フォームなし／メールのみ）,追加1,178,長崎市｜ページ下部にメール掲載、フォームなし(電話095-856-6311)
40,メール,contact@onescool.com,,大分,ONE'S COOL(わんずくーる),ドッグ保育園/デイケア/ホテル,https://www.onescool.com/,,（フォームなし／メールのみ）,追加1,180,別府市石垣西｜問い合わせ用メール掲載(24時間受付)、Webフォームなし
41,メール,contact@moimoidog.com,,岩手,Dog Salon moimoi,ドッグサロン(トリミング専門),https://www.moimoidog.com/,,（フォームなし／メールのみ）,追加2,198,盛岡市三ツ割1丁目9-8｜フッターにメール公開、予約は電話(019-656-1332)誘導
42,メール,info@pomme-d-adam.com,,福島,Pomme d'Adam(ポムダダン),トリミング/ドッグフォトスタジオ,https://pomme-d-adam.com/,,（フォームなし／メールのみ）,追加2,205,福島市陣場町6-14｜ACCESSにメール公開、予約はLINE中心で入力フォームなし
43,メール,info@dogplace-oasis.jp,,東京,Dog Place Oasis,トリミングサロン,https://dogplace-oasis.jp/,,（フォームなし／メールのみ）,追加2,207,立川市(西立川駅徒歩2分)｜媒体向けメール記載、/contact404、予約は電話042-526-3925
44,メール,info@caldog.co.jp,,茨城,トリミングサロン カリフォルニアドッグ,トリミングサロン,https://www.caldog.co.jp/,,（フォームなし／メールのみ）,追加2,219,つくば市学園の森3-29-6｜mailto公開、完全予約制でWEB予約は外部(bg3.power-k.jp)、入力フォームなし
45,メール,minatominato@nifty.com,,愛知,ドッグサロン・ベルーガ,ドッグサロン(トリミング&犬の整体),https://dog-beluga.com/,,（フォームなし／メールのみ）,追加2,231,豊橋市南大清水町富士見366-3｜トップにメール明記、電話0532-25-3220、入力フォームなし
46,メール,info@pee-ka-boo.net,,大阪,犬のほいくえん Pee-Ka-Boo,ドッグ保育園/預かり,https://www.pee-ka-boo.net/,,（フォームなし／メールのみ）,追加2,260,大阪市(九条店/玉造店)｜トップにメール2箇所記載、予約はLINE/電話で入力フォームなし
47,メール,dogsalonbow@gmail.com,,山口,ドッグサロンバウ,トリミングサロン,https://dogsalonbow.com/,,（フォームなし／メールのみ）,追加2,289,山口市朝田352-13｜お問合せページにmailto掲載、フォームはなくLINE/メール/電話誘導
48,フォーム,,https://www.dog-tenten.co.jp/contact,北海道,ペットハウステンテン,ショップ/トリミング/ホテル,https://www.dog-tenten.co.jp/,011-733-1212,確定(サイト内パス),初回,3,札幌市/複数店｜検証: /contactに入力フォーム有(氏名/メール/電話/内容)、生体予約フォームも有
49,フォーム,,https://www.amitie-maeda.com/contact,北海道,ペットサロンamitie,トリミング/ホテル,https://www.amitie-maeda.com/,,確定(サイト内パス),初回,6,札幌市｜検証: /contactに入力フォーム有(氏名/メール/電話/内容)、外部予約システムも有
50,フォーム,,https://doglovequa.jp/contact/,北海道,ドッグ・ラブ・クオ,トリミング/ホテル,https://doglovequa.jp/,,確定(サイト内パス),初回,9,札幌市｜検証: /contact/に入力フォーム有(氏名/フリガナ/メール/電話/内容)、/reserve/予約ページも有
51,フォーム,,https://www.pet-saman.com/form/index.html,宮城,ペットショップさまん,トリミング/ホテル/用品,https://www.pet-saman.com/,,確定(サイト内パス),初回,11,仙台市青葉区｜検証: /form/index.htmlに入力フォーム有(氏名/メール/住所/電話/種別/内容)
52,フォーム,,https://www.ps-fh.com/contact.html,宮城,ペットサロン フレンドハウス,トリミング/ホテル/ショップ,https://www.ps-fh.com/,,確定(サイト内ページ),初回,12,仙台市青葉区｜検証: contact.htmlに問い合わせ・予約フォーム有(氏名/メール/希望日時/ペット情報等)
53,フォーム,,https://wanderland-sendai.com/,宮城,ワンダーランド,ホテル/美容室,https://wanderland-sendai.com/,,外部予約システム(web-story.biz)経由・トップから遷移,初回,13,仙台市｜検証: 電話022-778-4150、予約はLINE/外部メールフォーム(web-story.biz)へのリンク有
54,フォーム,,https://www.petsalon-toutou.com/contact,東京,Toutou(トゥートゥー),サロン/ホテル,https://www.petsalon-toutou.com/,03-3829-5534,確定(サイト内パス),初回,19,墨田区向島｜検証: /contactに入力フォーム有(氏名/メール/電話/内容)
55,フォーム,,https://dog-with.co.jp/contact.html,東京,WITH(ウィズ),トリミング/ホテル,https://dog-with.co.jp/,,確定(サイト内ページ),初回,20,新宿・中野｜検証: contact.htmlが問合せ専用ページ(フォーム動的読込)、電話03-3350-1041
56,フォーム,,https://ah-base.com/contact/,東京,AHBASE,トリミング/ホテル/ドッグパーク,https://ah-base.com/,03-5809-7787,確定(サイト内パス),初回,21,東京｜検証: /contact/に入力フォーム有(氏名/メール/電話/種別/内容)
57,フォーム,,https://trimming-shampoo.com/reservation/,東京,トリミング工房Shampoo,サロン/ホテル,https://trimming-shampoo.com/,03-3769-1126,確定(サイト内パス),初回,22,港区芝/田町/品川｜検証: /reservation/にトリミング・ホテル予約フォーム有
58,フォーム,,https://www.petsalon-emicia.com/contact,神奈川,PET SALON EMICIA,トリミング/ホテル,https://www.petsalon-emicia.com/,,確定(サイト内パス),初回,24,横浜市栄区｜検証: /contactに入力フォーム有(氏名/メール/電話/内容)、電話045-568-8236
59,フォーム,,https://www.petsalon-leaf.com/contact,神奈川,PetSalon Leaf,トリミング/ホテル,https://www.petsalon-leaf.com/,,確定(サイト内パス),初回,25,横浜市中区本牧｜検証: トップは403、非wwwで閲覧可。/contactにフォーム有、電話045-873-1693
60,フォーム,,https://pet-cp.com/contact,神奈川,PET CARE PLACE,ホテル/トリミング/介護,https://pet-cp.com/,,確定(サイト内パス),初回,26,横浜市南区大岡｜検証: /contactにフォーム有(店舗選択/ペット情報/氏名/メール/電話/内容)、LINEも
61,フォーム,,https://www.osanpobiyori.jp/contact,神奈川,おさんぽびより,トリミング/ホテル,https://www.osanpobiyori.jp/,,確定(サイト内パス),初回,27,横浜市｜検証: /contactにフォーム有(氏名/住所/電話/メール/内容/希望日時)、電話045-947-0108
62,フォーム,,https://www.pet-atoll.com/,神奈川,ATOLL(アトール),トリミング,https://www.pet-atoll.com/,,外部予約システム(petlife.asia)経由・トップから遷移,初回,29,横浜市｜検証(再): トップ・サブpage取得成功。メール記載なし。外部予約フォーム(step.petlife.asia サロン用/ホテル用)へのリンク有、「お電話やメールフォームよりお受けしています」と明記
63,フォーム,,https://www.pureland.biz/contact.html,千葉,ペットサロンピュアランド,トリミング/ホテル,https://www.pureland.biz/,,確定(サイト内パス),初回,30,千葉市稲毛区｜検証: /contact.htmlにフォーム有(氏名/住所/電話/メール/犬情報/希望日時)、電話043-286-6828
64,フォーム,,https://www.petbiyoshitsu-w.com/contact,千葉,ペット美容室ダブル,トリミング,https://www.petbiyoshitsu-w.com/,,確定(サイト内パス),初回,31,千葉市中央区｜検証: /contactにフォーム有(氏名/メール/電話/内容)、電話070-5025-5882、LINE有
65,フォーム,,https://juyell.com/contact/,千葉,PET HOTEL&SALON JUYELL,ホテル/サロン,https://juyell.com/,,確定(サイト内パス),初回,32,千葉市｜検証: /contact/にフォーム有(氏名/電話/住所/メール/犬種/内容)、電話043-307-5550
66,フォーム,,https://www.ts-alamode.com/,千葉,トリミングサロン アラモード,トリミング/ホテル,https://www.ts-alamode.com/,,トップページ上のフォーム/リンクから,初回,33,千葉/東京/埼玉に展開｜検証: お問い合わせ/ご意見フォームへのリンク有(入力欄はJS描画)
67,フォーム,,https://lucu.jp/information/,埼玉,Lucu(ルチュ),トリミング/ホテル,https://lucu.jp/,,確定(サイト内パス)／予約は外部:petlife.asia,初回,34,川口市/24時間常駐｜検証: /information/にフォーム有(氏名/メール/題名/本文)、予約はpetlife.asia外部、電話048-202-0690
68,フォーム,,https://oneluke.net/contact/,静岡,ONE LUKE 静岡葵区店,トリミング/ホテル,https://oneluke.net/shizuokaaoi/,,確定(サイト内パス)／予約は外部:lit.link,初回,35,静岡市葵区｜検証: /contact/にフォーム有(氏名/電話/メール/内容)、予約はlit.link外部、電話054-207-9697
69,フォーム,,https://oneluke.net/nagano/contact,長野,ONE LUKE 長野店,トリミング/ホテル,https://oneluke.net/nagano/,,確定(サイト内パス),初回,38,長野市｜検証: /nagano/contactにフォーム有(氏名/電話/メール/内容)、電話026-217-4438
70,フォーム,,https://dogcatcoco.net/contact/,愛知,DOGCAT COCO,トリミング/ホテル,https://dogcatcoco.net/,,確定(サイト内パス),初回,44,名古屋市昭和区/千種区/瑞穂区｜検証: /contact/にフォーム有(氏名/メール/電話/メッセージ)、電話052-732-1239
71,フォーム,,https://furu-furu.net/contact/,愛知,Furufuru(フルフル),トリミング/ホテル,https://furu-furu.net/,,確定(サイト内パス),初回,48,名古屋市/4店舗｜検証: /contact/にフォーム有(店舗選択/氏名/メール/電話/住所/内容)、電話052-721-7022他
72,フォーム,,https://www.m-jasmine.com/inqfm/general/,愛知,ペットサロンジャスミン,トリミング,https://www.m-jasmine.com/,,確定(サイト内パス),初回,49,名古屋市緑区｜検証: /inqfm/general/に入力フォーム有(氏名/メール/内容)、電話052-893-9135、オンライン予約も
73,フォーム,,https://etoile-pet.com/page08.aspx,愛知,Étoile(エトワール),ホテル/トリミング,https://etoile-pet.com/,,確定(サイト内ページ),初回,50,名古屋市千種区｜検証: page08.aspxに入力フォーム有(氏名/電話/メール/犬種/預け日等)、電話052-731-7676
74,フォーム,,https://oneluke.net/contact/,愛知,ONE LUKE 名駅店,トリミング/ホテル,https://oneluke.net/nakamurakumeieki/,,確定(サイト内パス)／予約は外部:lit.link,初回,52,名古屋市中村区｜検証: /contact/にフォーム有(氏名/電話/メール/内容)、電話052-433-1344、lit.link予約
75,フォーム,,https://www.opp-petclub24.com/form.php,大阪,OPPペットクラブ24,ホテル,https://www.opp-petclub24.com/,06-6768-8817,確定(サイト内パス),初回,53,大阪市中央区瓦屋町/24h｜検証: /form.phpにお問い合わせフォーム有(電話/メール希望選択式)、トップは403で非www確認
76,フォーム,,https://www.mag-20415.com/contact,大阪,PetSalon&Hotel MaG,トリミング/ホテル,https://www.mag-20415.com/,,確定(サイト内パス),初回,54,大阪市北区｜検証: /contactに入力フォーム有(氏名/メール/電話/内容)、電話06-6485-5151、LINE有
77,フォーム,,https://www.dogsaloncrea.com/,大阪,Dog Salon CREA,トリミング/ホテル,https://www.dogsaloncrea.com/,06-4702-1188,外部予約システム(petlife.asia)経由・トップから遷移,初回,58,大阪市住之江区｜検証: /contactは404だが、トップ等に外部予約フォーム(step.petlife.asia)へのリンク有、電話06-4702-1188
78,フォーム,,https://oneluke.net/contact/,大阪,ONE LUKE 大阪中央区店,トリミング/ホテル,https://oneluke.net/osakachuo/,,確定(サイト内パス)／予約は外部:lit.link,初回,59,大阪市中央区｜検証: /contact/にフォーム有(氏名/電話/メール/内容)、lit.link予約有
79,フォーム,,https://www.petsalon-chere.com/contact,大阪,PETSALON&HOTEL chere(シェール),サロン/ホテル,https://www.petsalon-chere.com/,,確定(サイト内パス),初回,60,大阪市｜検証: /contactに入力フォーム有(氏名/電話/メール/内容)、予約は電話推奨
80,フォーム,,https://www.trimmingsalon-toy.com/contact,京都,ペットトリミングサロンTOY,トリミング/ホテル,https://www.trimmingsalon-toy.com/,,確定(サイト内パス),初回,61,京都市伏見区｜検証: /contactにフォーム有(氏名/メール/電話/内容)、オンライン予約・電話・LINEも
81,フォーム,,https://www.doggy111.com/contact.html,兵庫,ドギーパレス 神戸ポートタワー店,サロン/ホテル,https://www.doggy111.com/,,確定(サイト内ページ),初回,65,神戸市/芦屋｜検証: contact.htmlにフォーム有(氏名/電話/メール/犬猫詳細/内容)、電話・LINEも
82,フォーム,,https://www.dogsalon-pele.com/contact/,兵庫,dog salon Pele,トリミング/ホテル,https://www.dogsalon-pele.com/,,確定(サイト内パス)／予約は外部:reserva.be,初回,67,神戸市｜検証: /contact/にフォーム有(氏名/ふりがな/メール/電話/内容)、外部予約reserva.be・電話も
83,フォーム,,https://dogsalon-fuu.style/,広島,ドッグサロン風～FUU～,トリミング/ホテル/フード,https://dogsalon-fuu.style/,,トップページ上のフォーム/リンクから,初回,75,広島/無添加フード販売｜検証: トップに問合せフォームへのリンク有(氏名/メール/問合せ内容等)
84,フォーム,,https://m-pet-hotel.com/contact/,広島,m Pet Hotel,ホテル/トリミング,https://m-pet-hotel.com/,,確定(サイト内パス),初回,76,広島市中区｜検証: /contact/にフォーム有(氏名/カナ/電話/メール/内容/同意)
85,フォーム,,https://pethouse-mary.com/contact,広島,ペットハウスマリー,ショップ/サロン/ホテル,https://pethouse-mary.com/,,確定(サイト内パス),初回,77,広島県｜検証: /contactにフォーム有(姓名/メール/電話/種別/メッセージ/同意。主に求人応募用)
86,フォーム,,https://www.dada-pet.com/,広島,Trimming&Hotel DADA,トリミング/ホテル,https://www.dada-pet.com/,,外部予約システム(petlife.asia)経由・トップから遷移,初回,78,広島市/舟入・三篠｜検証: 各店ネット予約(petlife.asia)・LINE予約有、予約・お問合せリンク有
87,フォーム,,https://dog.sakuranoki.biz/contact.php,福岡,さくらの木,サロン/ホテル/用品,https://dog.sakuranoki.biz/,,確定(サイト内パス),初回,81,福岡市東区名島｜検証: /contact.phpに入力フォーム有(氏名/メール/住所/電話/相談内容)
88,フォーム,,https://b-spa.co.jp/sumiyoshi/inquiry.html,福岡,ビースパ住吉店,ホテル/トリミング,https://b-spa.co.jp/sumiyoshi/,,確定(サイト内ページ),初回,82,福岡市博多区｜検証: inquiry.htmlに入力フォーム有(氏名/カナ/メール/電話/内容/CAPTCHA)
89,フォーム,,https://shampowan.com/contact/,福岡,Shampowan(シャポワン),トリミング,https://shampowan.com/,,確定(サイト内パス),初回,83,福岡｜検証: /contact/に入力フォーム有(氏名/カナ/電話/メール/内容/同意)
90,フォーム,,https://jolipote.com/contact/,福岡,jolipote,トリミング/ホテル/フード,https://jolipote.com/,,確定(サイト内パス),初回,84,福岡市早良区/城南区/西区｜検証: /contact/に入力フォーム有(氏名/フリガナ/メール/項目/内容)
91,フォーム,,https://salonde-ohana.com/pages/contact,沖縄,サロンドオハナ,ホテル/トリミング,https://salonde-ohana.com/,,確定(サイト内パス),初回,91,沖縄市｜検証: /pages/contactに入力フォーム有(氏名/メール/電話/件名/内容)、LINEも
92,フォーム,,https://churatown.com/detail/177/contact.html,沖縄,トリミングサロン Olu Pono,トリミング/ホテル,https://churatown.com/detail/177/index.html,,確定(サイト内ページ),初回,92,那覇市/古島駅周辺｜検証: contact.htmlにお問合せフォーム、reserve.htmlに予約フォーム有(氏名/メール/TEL等)
93,フォーム,,https://dogfarmshinya.com/contact/,岩手,ドッグファームSHINYA,ドッグスクール/しつけ/ホテル,https://dogfarmshinya.com/,,確定(サイト内パス),追加1,97,盛岡市川目｜メール非公開(電話019-654-3326)、/contact/に入力フォーム
94,フォーム,,https://oneluke.net/contact/,山形,ONE LUKE 山形駅店,ペットホテル/トリミング,https://oneluke.net/yamagataeki/,,確定(サイト内パス)／予約は外部:lit.link,追加1,101,山形市｜/contact/に入力フォーム、予約はlit.link外部
95,フォーム,,https://itsumo.dog/contact/contact.php,山形,isdog 山形店,トリミング/ペットホテル,https://itsumo.dog/9623/,,確定(サイト内パス),追加1,102,山形市高堂｜/contact/contact.phpに入力フォーム
96,フォーム,,https://iglow-sendai.com/,宮城,I-Glow(アイグロー)仙台店,犬の保育園/トリミング/ホテル,https://iglow-sendai.com/,,外部予約システム(shop-pro.jp)経由・トップから遷移,追加1,107,仙台市青葉区｜お問い合わせはiglow.shop-pro.jpの入力フォーム
97,フォーム,,https://2wanhappy.com/,福島,2WanHappy,犬の保育園/ペットホテル/トリミング,https://2wanhappy.com/,,トップページ上のフォーム/リンクから,追加1,108,いわき市平中山｜トップ内に氏名/メール/電話/種別/内容の入力フォーム(電話0246-25-7365)
98,フォーム,,https://pomme-d-adam.com/serviceform/,福島,Pomme d'Adam(ポムダダン),トリミング/ドッグフォトスタジオ,https://pomme-d-adam.com/,,確定(サイト内パス),追加1,110,福島市陣場町6-14｜/serviceform/に詳細入力フォーム
99,フォーム,,https://www.dogs-base.com/contact/,東京,犬のひみつきち,ドッグ幼稚園・保育園/ペットホテル,https://www.dogs-base.com/,,確定(サイト内パス),追加1,111,江東区森下｜メール非公開(電話03-3631-2858)、/contact/に入力フォーム
100,フォーム,,https://vowbee.jp/contact/,東京,犬の保育園 vowbee,ドッグ幼稚園・保育園,https://vowbee.jp/,,確定(サイト内パス),追加1,112,調布市仙川/武蔵野・三鷹｜/contact/に入力フォーム、メール非公開で電話のみ
101,フォーム,,https://dogly.jp/inquiry.cgi,東京,犬のしつけ教室DOGLY,ドッグ幼稚園・保育園/ペットホテル,https://dogly.jp/,,確定(サイト内ページ),追加1,114,台東区根岸(鶯谷)｜inquiry.cgiのSSL入力フォーム、メール非公開
102,フォーム,,https://tripletta.com/contact/,東京,Parco del Cane,ドッグデイケア/犬の保育園,https://tripletta.com/,,確定(サイト内パス),追加1,115,世田谷区用賀｜/contact/に種別/メール/氏名/電話/内容の入力フォーム
103,フォーム,,https://www.pethoteldelta.com/contact,神奈川,ペットホテル＆サロン デルタ,ペットホテル/トリミング,https://www.pethoteldelta.com/,,確定(サイト内パス),追加1,119,川崎市幸区｜/contactに入力フォーム、予約は/reserve別途
104,フォーム,,https://www.inuhoiku-baby.com/,千葉,犬の保育園Baby,ドッグ幼稚園・保育園/ペットホテル/トリミング,https://www.inuhoiku-baby.com/,,トップページ上のフォーム/リンクから,追加1,120,習志野市｜/お問い合わせ/に入力フォーム。トップのメールはCloudflare保護で実アドレス判読不可
105,フォーム,,https://doggy-wl.com/contact/,千葉,ドギー・ワンダーランド,ドッグ幼稚園・保育園/ペットホテル,https://doggy-wl.com/,,確定(サイト内パス),追加1,121,千葉市中央区｜/contact/にメニュー選択/氏名/メール/本文の入力フォーム
106,フォーム,,https://www.nonby-house.com/reserve,埼玉,のんびーはうす,ペットホテル/犬の幼稚園/トリミング,https://www.nonby-house.com/,,確定(サイト内パス),追加1,122,さいたま市見沼区ほか多店舗｜/reserveに予約フォーム、メール非公開
107,フォーム,,https://www.dogschool-zero.jp/contact,埼玉,ドッグスクールZERO,犬の保育園/トリミング,https://www.dogschool-zero.jp/,,確定(サイト内パス),追加1,124,つくば市｜/contactに入力フォーム、LINE/電話併用
108,フォーム,,https://www.hidamari.email/contact,栃木,Dog House 陽だまり,犬の保育園/ペットホテル/一時預かり,https://www.hidamari.email/,,確定(サイト内パス),追加1,125,宇都宮市｜/contactに氏名/Email/件名/メッセージの入力フォーム(メール表記は電話のみ)
109,フォーム,,https://dogsalon-ludan.com/contact/,栃木,Dog Salon LUDAN,トリミングサロン/ペットホテル,https://dogsalon-ludan.com/,,確定(サイト内パス),追加1,126,沼田市(群馬)｜/contact/に氏名/電話/メール/犬種/年齢/内容の入力フォーム
110,フォーム,,https://www.spotties-spot.jp/,静岡,Spottie's Spot(スポッティーズ・スポット),ドッグ幼稚園/お泊り保育/ホテル/しつけ,https://www.spotties-spot.jp/,,トップページ上のフォーム/リンクから,追加1,127,静岡市清水区横砂中町｜氏名/ふりがな/メール/電話/内容の入力フォーム、メール非公開
111,フォーム,,https://www.hama-wan.com/inquiry.html,静岡,HAMA&WAN(ハマ&ワン),ペットホテル/ドッグラン/トリミング,https://www.hama-wan.com/,,確定(サイト内ページ),追加1,128,浜松市中央区富塚町｜inquiry.htmlに入力フォーム(予約は電話)、メール非公開
112,フォーム,,https://wanwan-aozora.com/contact/,愛知,わんわん保育園あおぞら,犬の保育園/ホテル/トリミング/老犬介護,https://wanwan-aozora.com/,,確定(サイト内パス),追加1,134,名古屋市名東区｜/contact/に名前/メール/電話/用件/本文の入力フォーム
113,フォーム,,https://wanroom-pet.com/contact/,愛知,wanroom,犬の幼稚園/ペットホテル,https://wanroom-pet.com/,,確定(サイト内パス),追加1,135,名古屋市千種区千代が丘｜/contact/に名前/住所/電話/メール/内容の入力フォーム
114,フォーム,,https://www.monpetit-cheri.jp/contact,岐阜,ドッグケアハウス モプティシェリ,犬の幼稚園/トリミング/ホテル/一時預かり,https://www.monpetit-cheri.jp/,,確定(サイト内パス),追加1,138,岐阜市福光西｜/contactに名前/メール/電話/内容の入力フォーム
115,フォーム,,https://wansclubtoyama-dogs.jimdofree.com/,富山,ワンズクラブ富山,犬の学校・保育園/トリミング/ホテル,https://wansclubtoyama-dogs.jimdofree.com/,,トップページ上のフォーム/リンクから,追加1,140,射水市三ケ(アルプラザ小杉内)｜/お問い合わせ/に入力フォーム(CAPTCHA)
116,フォーム,,https://perro.jp/contact/,石川,いぬの保育園 ペロ(perro),犬の保育園/ドッグトレーニング,https://perro.jp/,,確定(サイト内パス),追加1,141,野々市市稲荷｜/contact/に名前/電話/メール/犬情報/内容の入力フォーム
117,フォーム,,https://kizuna-labo.com/contact/,石川,絆Labo(ラボ),犬のしつけ教室/ペットホテル/シャンプー,https://kizuna-labo.com/,,確定(サイト内パス),追加1,142,金沢市小坂町｜/contact/に入力フォーム、連絡は電話080-9680-7858
118,フォーム,,https://parcourir.jp/contact/,福井,PARCOURIL(パルクリール),トリミング/ペットホテル/ショップ,https://parcourir.jp/,,確定(サイト内パス),追加1,143,福井市成和｜/contact/に名前/電話/メール/住所/犬情報/内容の入力フォーム
119,フォーム,,https://ulu-petcare.com/contact/,大阪,ulu,ドッグ幼稚園/一時保育/ホテル/トリミング,https://ulu-petcare.com/,,確定(サイト内パス),追加1,146,大阪市浪速区幸町｜/contact/に名前/メール/電話/住所/内容/カテゴリの入力フォーム
120,フォーム,,https://mumdog-kyoto.com/contact/,京都,mum dog(マムドッグ),犬の保育園/ドッグトレーニング,https://mumdog-kyoto.com/,,確定(サイト内パス),追加1,149,京都市南区吉祥院｜/contact/に名前/フリガナ/メール/電話/犬情報/内容の入力フォーム
121,フォーム,,https://koriyama-dogschool.com/contact/,奈良,郡山ドッグスクール,ドッグ幼稚園/ドッグホテル/ドッグスクール,https://koriyama-dogschool.com/,,確定(サイト内パス),追加1,153,大和郡山市｜/contact/に氏名/電話/メール/内容の入力フォーム、メール非公開
122,フォーム,,https://dogsalon-oz.com/contact,滋賀,ドッグサロンオズ,トリミング/ペットホテル/ペットシッター,https://dogsalon-oz.com/,,確定(サイト内パス),追加1,156,栗東市(守山市にも店舗)｜/contactに希望プラン/日等の予約問い合わせフォーム
123,フォーム,,https://aozora-d.jp/otoiawase/,鳥取,あおぞらドッグラン,ドッグ幼稚園/ペットホテル/トリミング,https://aozora-d.jp/,,確定(サイト内パス),追加1,158,鳥取市湖山町西4丁目｜/otoiawase/に名前/メール/題名/本文の入力フォーム
124,フォーム,,https://dog-school-enn.com/contact,島根,ドッグスクール縁,ドッグ幼稚園/ドッグスクール/ホテル,https://dog-school-enn.com/,,確定(サイト内パス),追加1,159,松江市宍道町佐々布｜/contactに入力フォーム(別途Googleフォーム予約も)
125,フォーム,,https://i-dog.jp/hotelandtrimming/,香川,i-DOG アイドッグ ラティ高松店,ペットホテル/トリミング/ドッグラン,https://i-dog.jp/hotelandtrimming/,,外部予約システム(forms.gle)経由・トップから遷移,追加1,160,高松市多肥上町｜/contactは404だがホテル予約はGoogleフォーム(forms.gle)
126,フォーム,,https://dog-sc-flap.lolipop.jp/,広島,ドッグスクール FLAP,ドッグ幼稚園/しつけ教室/ペットホテル,https://dog-sc-flap.lolipop.jp/,,トップページ上のフォーム/リンクから,追加1,161,広島市｜予約は外部フォーム(select-type.com等)、LINE・SNSあり
127,フォーム,,https://aubergecaninebruno.com/contact/,広島,ペットホテルBRUNO,ペットホテル(ケージフリー),https://aubergecaninebruno.com/,,確定(サイト内パス),追加1,162,広島市東区｜/contact/に氏名/ふりがな/メール/電話/内容の入力フォーム(reCAPTCHA)
128,フォーム,,https://pet-pom.jimdofree.com/,愛媛,ペット保育園ポム,ペット保育園/ペットホテル/トリミング,https://pet-pom.jimdofree.com/,,トップページ上のフォーム/リンクから,追加1,169,松山市勝山町｜お問合わせページに名前/メール/メッセージの入力フォーム(電話089-915-1125)
129,フォーム,,https://petzoo.jp/contact/,愛媛,ZOOの森,ペットホテル/トリミング/ドッグエステ,https://petzoo.jp/,,確定(サイト内パス),追加1,170,松山市｜/contact/に仮予約・問い合わせフォーム(電話080-2991-7987)
130,フォーム,,https://www.tks-dogsportsclub.com/,福岡,TKS-Dog Sports Club,ドッグ幼稚園/ホテル/しつけ,https://www.tks-dogsportsclub.com/,,トップページ上のフォーム/リンクから,追加1,176,那珂川市南畑｜トップに名前/メール/件名/本文の問い合わせフォーム
131,フォーム,,https://sagadogschool.com/contact,佐賀,SAGAドッグスクール,しつけ/ペットホテル,https://sagadogschool.com/,,確定(サイト内パス),追加1,177,佐賀市富士町｜/contactに名前/メール/住所/電話/メッセージの入力フォーム(電話0952-51-0035)
132,フォーム,,https://www.okinawa-happy-dog.com/contact,沖縄,Happy dog(ハッピードッグ),保育園/デイケア/ホテル/トリミング/しつけ,https://www.okinawa-happy-dog.com/,,確定(サイト内パス),追加1,185,うるま市｜/contactに名前/メール/電話/問い合わせ内容のフォーム(トリミング等はLINE誘導)
133,フォーム,,https://www.12jungle.co.jp/contact,沖縄,ワンニャンじゃんぐる,トリミング/ペットホテル,https://www.12jungle.co.jp/,,確定(サイト内パス),追加1,186,那覇市具志｜/contactに名前/メール/電話/内容のフォーム(ホテル等は外部予約/LINE)
134,フォーム,,https://www.dogsalon-inugoya.com/contact,北海道,Dog Salon inugoya,トリミング(古民家ドッグサロン),https://www.dogsalon-inugoya.com/,,確定(サイト内パス)／予約は外部:petlife.asia,追加2,188,函館市青柳町｜/contactにフォーム、Web予約は外部(petlife.asia)
135,フォーム,,https://dog-salon-bond.com/contact,北海道,Dog Salon Bond,トリミング/シャンプー/ホテル,https://dog-salon-bond.com/,,確定(サイト内パス),追加2,194,苫小牧市拓勇西町6丁目27-25｜/contactフォーム、別途/reserve、電話0144-84-6404
136,フォーム,,https://wankuu.net/contact.html,青森,ペットサロン わんくぅ,トリミング/グルーミング,https://wankuu.net/,,確定(サイト内ページ),追加2,195,八戸市下長2丁目3-31｜contact.htmlにフォーム
137,フォーム,,https://www.silverdog.jp/contact,岩手,シルバードッグ,トリミング/ペットホテル,https://www.silverdog.jp/,,確定(サイト内パス),追加2,196,盛岡市本町通1-4-23｜/contactフォーム、電話019-601-9068
138,フォーム,,https://cielsalon-dog.net/page08.aspx,秋田,DogSalon CIEL(シエル),ドッグサロン(大型犬対応),https://cielsalon-dog.net/,,確定(サイト内ページ),追加2,199,秋田市新屋扇町9-27｜page08.aspxの予約フォーム(asp系予約システム)
139,フォーム,,https://woo-drops.com/inquiry,秋田,Woo Drops(ウードロップス),トリミング/一時預かり,https://woo-drops.com/,,確定(サイト内パス),追加2,200,秋田市広面字長沼312｜トップに予約フォーム、別途/inquiry、LINE予約
140,フォーム,,https://nico-dog.jp/contact,福島,Dog salon NICO,小型中型犬専門トリミング,https://nico-dog.jp/,,確定(サイト内パス),追加2,202,郡山市富田東6-43｜トップに予約フォーム、/contact、電話090-1069-0374
141,フォーム,,https://www.yumir4300.com/contact/,福島,グルーミングサロンYUMI,犬専門トリミング,https://www.yumir4300.com/,,確定(サイト内パス),追加2,203,郡山市開成6丁目151｜/contact/フォーム、電話024-938-4300
142,フォーム,,https://kenkian.com/contact/,東京,トリミングサロン 犬喜庵(けんきあん),トリミングサロン(移動・出張型),https://kenkian.com/,,確定(サイト内パス),追加2,208,立川市柏町4-44-28｜/contact/に名前/電話/メール/住所/犬種/内容の入力フォーム
143,フォーム,,https://dog-choice.com/contact,神奈川,トリミングサロン ドッグチョイス,トリミングサロン,https://dog-choice.com/,,確定(サイト内パス),追加2,209,茅ヶ崎市中島1206｜/contactに名前/電話/メール/内容の入力フォーム(公開メールなし)
144,フォーム,,https://petsalon-snoop.com/contact/,千葉,SNOOP,ペットサロン(トリミング・ホテル),https://petsalon-snoop.com/,,確定(サイト内パス),追加2,210,船橋市習志野台1-11-4｜/contact/に氏名/メール/電話/住所/本文の入力フォーム
145,フォーム,,https://www.cowan.jp/,千葉,犬の美容室 COWAN,トリミングサロン,https://www.cowan.jp/,,外部予約システム(petlife.asia)経由・トップから遷移,追加2,211,松戸市大金平5-392-2｜WEB予約は外部システム(step.petlife.asia)、電話・LINEも
146,フォーム,,https://www.dogfuwafuwa.com/form.html,埼玉,ドッグサロン ふわふわ,ドッグサロン(トリミング・ホテル),https://www.dogfuwafuwa.com/,,確定(サイト内ページ),追加2,213,狭山市柏原827-1｜form.htmlに名前/フリガナ/住所/電話/内容の入力フォーム
147,フォーム,,https://petsalon-honey.com/kawagoe/,埼玉,ペットサロンハニー 川越本店,トリミングサロン,https://petsalon-honey.com/kawagoe/,,外部予約システム(salon-de-one.com)経由・トップから遷移,追加2,214,川越市的場1-26-5｜ネット予約は外部システム(salon-de-one.com)、電話049-233-6996
148,フォーム,,https://zuttodog.jp/contact/,埼玉,ZUTTO DOG(ズットドッグ),犬の幼稚園/ホテル/トリミング,https://zuttodog.jp/,,確定(サイト内パス),追加2,215,桶川・上尾・北本・伊奈町｜/contact/に名前/メール/住所/電話/犬種/内容の入力フォーム
149,フォーム,,https://dogsalon-azaz.com/,栃木,DogSalon AZAZ,ドッグサロン,https://dogsalon-azaz.com/,,外部予約システム(petlife.asia)経由・トップから遷移,追加2,224,宇都宮市下田原町｜予約フォームは外部システム(step.petlife.asia)で入力式
150,フォーム,,https://tsaron-happiness.com/contact/,群馬,トリミングサロンHappiness,トリミングサロン,https://tsaron-happiness.com/,,確定(サイト内パス),追加2,227,前橋市上大屋町327-33｜/contact/にフォーム(reCAPTCHA)、別途外部予約システム
151,フォーム,,https://addypet.com/,愛知,ドッグ&キャット アディー・,トリミングサロン/ペットホテル,https://addypet.com/,,トップページ上のフォーム/リンクから,追加2,230,一宮市奥町神田11-3｜お問い合わせフォーム(page_id=5496)、電話0586-61-7667
152,フォーム,,https://glaffy.com/,愛知,トリミングサロンglaffy(ぐらっふぃ),トリミングサロン,https://glaffy.com/,,トップページ上のフォーム/リンクから,追加2,232,豊川市蔵子5丁目13-50｜予約・お問い合わせフォーム(page_id=109)
153,フォーム,,https://www.pawdog-k.com/form.html,愛知,Paw Dog(パウドッグ),犬の幼稚園,https://www.pawdog-k.com/,,確定(サイト内パス)／予約は外部:coubic,追加2,233,刈谷市銀座4丁目78-2｜/form.htmlにフォーム(CAPTCHA)、予約は外部Coubic
154,フォーム,,https://www.wanwan-pet.jp/contact/,静岡,わんわん美容室,トリミングサロン/ペットホテル,https://www.wanwan-pet.jp/,,確定(サイト内パス),追加2,234,浜松市中央区舘山寺町2047-5｜トップが/contact/を「メールフォーム」と明記(contactは403)
155,フォーム,,https://www.trimmingdisa.com/contact,静岡,トリミングサロン DISA,トリミングサロン/ペットホテル,https://www.trimmingdisa.com/,,確定(サイト内パス)／予約は外部:yoyaku-beauty.jp,追加2,235,静岡市葵区唐瀬｜/contactフォーム、Web予約は外部(yoyaku-beauty.jp)、LINEも
156,フォーム,,https://www.one-smile.biz/contact.html,長野,ドッグサロン ONE SmiLE,トリミングサロン(ドッグホテル併設),https://www.one-smile.biz/,,確定(サイト内パス),追加2,241,長野市三輪8-32-20｜/contact.htmlに名前/電話/E-mail/内容の入力フォーム、電話026-232-1008
157,フォーム,,https://kuukuu.biz/contact,新潟,Dogsalon KUU,トリミングサロン(小型犬専用),https://kuukuu.biz/,,確定(サイト内パス),追加2,242,上越市｜/contactに氏名/メール/電話/犬種/本文/サービス選択の入力フォーム、LINEも
158,フォーム,,https://www.doggyparadise2020.com/contact,富山,Doggy Paradise(ドギーパラダイス),トリミング/ペットホテル/ドッグカフェ,https://www.doggyparadise2020.com/,,確定(サイト内パス)／予約は外部:petlife.asia,追加2,245,富山市布瀬町南2-10-8｜/contactにフォーム、トリミング予約は外部(petlife.asia)
159,フォーム,,https://dogsalon-koron.com/inquiry/,岐阜,DOG.OASIS.コロン,トリミングサロン/ペットホテル(ドッグラン併設),https://dogsalon-koron.com/,,確定(サイト内パス),追加2,250,岐阜市本郷町｜/inquiry/に名前/メール/電話/内容の入力フォーム
160,フォーム,,https://www.mof-dogdesign.jp/contact,三重,mof.dog design(モフドッグ デザイン),ドッグサロン(トリミング),https://www.mof-dogdesign.jp/,,確定(サイト内パス)／予約は外部:petlife.asia,追加2,251,四日市市東新町13-2-2｜/contactにフォーム、WEB予約は外部(petlife.asia)
161,フォーム,,https://www.dogsalon-waan.com/contact,三重,Dog salon WAAN(ドッグサロンワーン),トリミングサロン,https://www.dogsalon-waan.com/,,確定(サイト内パス),追加2,252,四日市市浜田町9-10｜/contactにフォーム、WEB予約は準備中で電話案内
162,フォーム,,https://www.petsalondearest.com/contact/,大阪,pet salon Dearest,トリミング/ペットショップ,https://www.petsalondearest.com/,,確定(サイト内パス)／予約は外部:petlife.asia,追加2,255,大阪市西区北堀江｜/contact/にフォーム、予約は外部(petlife.asia)/LINE
163,フォーム,,https://www.dogsalon-hidamari.com/contact,大阪,ドッグサロンひだまり,トリミング/一時預かり,https://www.dogsalon-hidamari.com/,,確定(サイト内パス),追加2,258,豊中市長興寺北｜/contactにフォーム、予約は外部WEB/LINE
164,フォーム,,https://wankonchi.jp/school/contact/,大阪,わん子ん家 天王寺てんしば店,犬の幼稚園/しつけ/ペットホテル,https://wankonchi.jp/school/school-info/tenshiba/,,確定(サイト内パス),追加2,259,大阪市天王寺区｜/school/contact/に内容種別/希望校/名前/メール/電話/本文の入力フォーム
165,フォーム,,https://www.dog-salon-nagomi.com/contact,京都,ドッグサロンなごみ,トリミング/ペットホテル,https://www.dog-salon-nagomi.com/,,確定(サイト内パス),追加2,263,京都市伏見区(向日・長岡京送迎)｜/contactに名前/メール/電話/内容の入力フォーム、電話075-202-9976
166,フォーム,,https://kyoto-dogs.com/,京都,DOG SALON 京都ドッグス,トリミング,https://kyoto-dogs.com/,,トップページ上のフォーム/リンクから,追加2,264,京都市左京区｜WEB仮予約システム・LINE予約・電話0120-051-382(外部予約フォーム)
167,フォーム,,https://dogsalon-ichi.jp/contact,兵庫,Dog Salon ICHI,トリミング/ペットホテル,https://dogsalon-ichi.jp/,,確定(サイト内パス),追加2,265,姫路市広畑区｜/contactに名前/メール(確認含む)/内容の入力フォーム
168,フォーム,,https://dogsalon-vivi.com/contact,兵庫,ドッグサロンViVi,トリミング/ペットホテル,https://dogsalon-vivi.com/,,確定(サイト内パス),追加2,266,姫路市勝原区｜/contactに問い合わせフォーム、電話079-274-2203、LINE予約も
169,フォーム,,https://inumaru-dog-salon.com/contact,兵庫,いぬまるドッグサロン,ドッグサロン/トリミング,https://inumaru-dog-salon.com/,,確定(サイト内パス),追加2,270,明石市大久保町｜/contactに名前/メール/電話/本文の入力フォーム、電話080-3845-1156/LINE
170,フォーム,,https://www.dogsalonlavandula.com/contact,滋賀,Dog Salon Lavandula,トリミング,https://www.dogsalonlavandula.com/,,確定(サイト内パス),追加2,273,大津市石山寺｜/contactに入力フォーム、LINE予約も
171,フォーム,,https://www.trimmingsalon-wonderful.com/contact,奈良,わんだふる,トリミング,https://www.trimmingsalon-wonderful.com/,,確定(サイト内パス)／予約は外部:petlife.asia,追加2,275,香芝市良福寺｜WEB予約フォーム(外部:petlife.asia)と/contactリンク、電話080-3798-1101
172,フォーム,,https://dog-salon-pawpads.com/Instagram,岡山,Dogsalon&Cafe PawPads,トリミングサロン/カフェ,https://dog-salon-pawpads.com/,,推定(サイト内パス)／予約は外部:coubic,追加2,279,岡山市北区西長瀬1210-1｜Web予約フォーム(外部:Coubic)、電話086-280-9656/Instagram
173,フォーム,,https://dogsalon-triangle.com/contact,広島,Dog Salon TRIANGLE,トリミングサロン,https://dogsalon-triangle.com/,,確定(サイト内パス),追加2,281,福山市明神町1-8-26｜/contactに名前/メール/住所/電話/本文の入力フォーム、電話084-991-3165
174,フォーム,,https://sary.pos-s.net/reserve/,広島,ペット美容室 SARY,ペット美容室/トリミング,https://pet-sary.com/,,確定(別ドメイン明記)／予約は外部:pos-s.net,追加2,283,広島市西区庚午南｜新規予約フォーム(sary.pos-s.net/reserve/)、電話/LINEも
175,フォーム,,https://www.pethouse-wans.com/contact.php,徳島,Pet House わん's,ペットホテル&トリミングサロン,https://www.pethouse-wans.com/,,確定(サイト内ページ),追加2,290,徳島市城東町2-2-3｜contact.phpにメールフォーム(完全予約制)
176,フォーム,,https://www.clantedogsalon2020.com/contact,香川,dog salon CLANTE,トリミングサロン,https://www.clantedogsalon2020.com/,,確定(サイト内パス),追加2,292,高松市今里町393-2｜/contactに名前/メール/電話/内容の入力フォーム(全必須)
177,フォーム,,https://www.wom-dogsalon.com/LINE/Instagram,香川,ペットサロン&ミニドッグランWOM 高松檀紙店,ドッグサロン/ドッグラン,https://www.wom-dogsalon.com/,,推定(サイト内パス)／予約は外部:book-online,追加2,293,高松市檀紙町765-1｜予約は外部予約カレンダー(book-online)、問い合わせは電話/LINE/Instagram
178,フォーム,,https://www.picowanwan.co.jp/,福岡,ピコワンワンショップ,トリミング/ペットホテル,https://www.picowanwan.co.jp/,,外部予約システム(EPARK)経由・トップから遷移,追加2,296,北九州市小倉南区守恒本町｜トップにWeb予約フォーム(EPARK petlife)、問い合わせページは404
179,フォーム,,https://www.dspace-kokura.com/contact.php,福岡,ペットサロン Dspace,トリミング/ペットホテル/デイケア,https://www.dspace-kokura.com/,,確定(サイト内ページ),追加2,297,北九州市小倉南区｜contact.phpに入力欄付き問い合わせ/予約フォーム
180,フォーム,,https://www.petsalon-ammy.com/contact,福岡,Pet salon Ammy(アミイ),トリミングサロン,https://www.petsalon-ammy.com/,,確定(サイト内パス),追加2,299,北九州市八幡西区陣原5-2-8｜/contactに名前/メール/電話/内容のフォーム(新規予約は電話のみ)
181,フォーム,,https://pepedog.net/contact/,福岡,ドッグアカデミーPePeDOG,犬の保育園/しつけ/グルーミング,https://pepedog.net/,,確定(サイト内パス),追加2,300,北九州市若松区塩屋2-1-11｜/contact/に用件/名前/住所/電話/メール/ペット情報/内容のフォーム
182,フォーム,,https://bullstar.jp/contact/,福岡,BULL STAR,トリミングサロン/ホテル,https://bullstar.jp/,,確定(サイト内パス),追加2,301,久留米市荒木町｜/contact/に名前/メール/電話/犬種/問合せ内容のフォーム、TEL080-9100-2607
183,フォーム,,https://www.dog-pearl.com/contact,福岡,どっぐぱーる,トリミングサロン,https://www.dog-pearl.com/,,確定(サイト内パス)／予約は外部:petlife.asia,追加2,302,久留米市津福本町｜/contactにフォーム、Web予約(petlife.asia)、TEL0942-33-3935
184,フォーム,,https://www.petlounge-lechien.com/contact.php,熊本,ペットラウンジ le chien(ルシアン),トリミング/ペットホテル/老犬ホーム,https://www.petlounge-lechien.com/,,確定(サイト内ページ),追加2,303,熊本市西区松尾2-3-15｜contact.phpにフォーム(メール問い合わせは停止明記)、LINE/TEL案内
185,フォーム,,https://www.trimming-licotta.com/contact,大分,トリミングサロン Licotta,トリミングサロン,https://www.trimming-licotta.com/,,確定(サイト内パス)／予約は外部:petlife.asia,追加2,304,大分市岩田町2-20-16｜/contactにフォーム、Web予約(petlife.asia)、TEL097-552-6845
186,フォーム,,https://www.fluffy-plus.com/contact,大分,FLUFFY+(フラッフィープラス),ドッグサロン/プレイルーム/ホテル,https://www.fluffy-plus.com/,,確定(サイト内パス),追加2,305,大分市上宗方｜/contactに名前/メール/電話/問合せ内容のフォーム、TEL090-7580-6850
187,フォーム,,https://www.wannarelax.jp/contact,宮崎,ドッグサロン Wanna Relax(ワンリラ),トリミングサロン,https://www.wannarelax.jp/,,確定(サイト内パス)／予約は外部:petlife.asia,追加2,307,宮崎市吉村町｜/contactに名前/メール/電話/問合せ内容のフォーム、Web予約(petlife.asia)、TEL0985-69-7751
188,フォーム,,https://saga-doglovers.com/contact/,佐賀,Dog Lovers,トリミングサロン,https://saga-doglovers.com/,,確定(サイト内パス),追加2,312,小城市三日月町長神田787-4｜/contact/に名前/フリガナ/電話/住所/メール/問合せ内容のフォーム、TEL0952-60-2600
189,フォーム,,https://www.dogsalon-carone.com/contact,沖縄,ドッグサロン carone(カロネ),トリミングサロン/ペットホテル,https://www.dogsalon-carone.com/,,確定(サイト内パス)／予約は外部:petlife.asia,追加2,315,那覇市三原3-18-23｜/contactに名前/メール/電話/問合せ内容のフォーム、Web予約(petlife.asia)、TEL098-851-7769
